ID,Seed,Execution,Generation,GenCreation,Progress,isChild,isMutant,Integer_encoding,Binary_encoding,Genotype,Crossover_type,Mutation_type,Search_strategy,Epochs,Accuracy_history,Loss_history,Accuracy,Top1,Top5,Loss,FLOPs,Num_Params,SizeMB,P1_idx,P2_idx,P1,P2,Before_Mut,HV,dHV,HD_P1,HD_P2,HD_BM,HD_PB,NFHT,Succ_Crossover,Succ_Mutation,Total_Crossovers,Total_Mutations,Succ_Crossover_ratio,Succ_Mutation_ratio,Was_invalid,arch_status,Trained_Completely,Has_CM,Confusion_matrix,cm_accuracy,cm_precision_macro,cm_recall_macro,cm_f1_macro,Ranking,NSGA2,HHSE,Objectives,RAM,Improved
BVVKSG[M],42,1,30,8,1,TRUE,TRUE,"[2, 6, 4, 38, 46, 38, 6, 22]",[],"[{'INP': 32}, {'CONV': [64, 3]}, ({'CONV': [32, 3]}, {'CONV': [64, 3]}), ({'CONV': [32, 3]}, {'CONV': [256, 3]}, {'POOLMAX': [-1, 2]}), ({'CONV': [32, 3]}, {'CONV': [128, 3]}), ({'CONV': [128, 3]}, {'CONV': [256, 3]}, {'POOLMAX': [-1, 2]}), ({'CONV': [128, 5]}, {'CONV': [256, 3]}), ({'CONV': [128, 3]}, {'CONV': [256, 3]}, {'POOLMAX': [-1, 2]}), ({'CONV': [32, 3]}, {'CONV': [256, 3]}), ({'CONV': [64, 3]}, {'CONV': [256, 3]}, {'POOLMAX': [-1, 2]}), {'GLOBAL_AVG': None}, {'LAST_DENSE': [100, 'softmax']}]",HHSE,SUCCMUT,GA,70,"[0.11840000003576279, 0.1242000013589859, 0.05779999867081642, 0.2962000072002411, 0.3792000114917755, 0.32199999690055847, 0.40799999237060547, 0.426800012588501, 0.428600013256073, 0.49639999866485596, 0.4560000002384186, 0.5281999707221985, 0.4503999948501587, 0.45419999957084656, 0.47760000824928284, 0.5040000081062317, 0.4869999885559082, 0.5827999711036682, 0.5636000037193298, 0.5952000021934509, 0.5776000022888184, 0.5910000205039978, 0.5857999920845032, 0.628000020980835, 0.6227999925613403, 0.6435999870300293, 0.6367999911308289, 0.6150000095367432, 0.6255999803543091, 0.6230000257492065, 0.6302000284194946, 0.6794000267982483, 0.652400016784668, 0.6661999821662903, 0.6615999937057495, 0.6686000227928162, 0.6790000200271606, 0.6672000288963318, 0.6863999962806702, 0.6883999705314636, 0.694599986076355, 0.6977999806404114, 0.6866000294685364, 0.6998000144958496, 0.7044000029563904, 0.6797999739646912, 0.6955999732017517, 0.6985999941825867, 0.7038000226020813, 0.7075999975204468, 0.7027999758720398, 0.7031999826431274, 0.7088000178337097, 0.704800009727478, 0.7045999765396118, 0.704200029373169, 0.7077999711036682, 0.7081999778747559, 0.7035999894142151, 0.7089999914169312, 0.7071999907493591, 0.7092000246047974, 0.7092000246047974, 0.7075999975204468, 0.7092000246047974, 0.7056000232696533, 0.7071999907493591, 0.7080000042915344, 0.7099999785423279, 0.7088000178337097]","[4.06231164932251, 4.624197483062744, 12.525744438171387, 3.152822494506836, 2.718468189239502, 3.166224479675293, 2.625908851623535, 2.671257495880127, 2.657341718673706, 2.3678741455078125, 2.4912548065185547, 2.187204599380493, 2.8033928871154785, 2.6753809452056885, 2.6236512660980225, 2.468717098236084, 2.5958216190338135, 2.0820696353912354, 2.1292612552642822, 2.0278563499450684, 2.143139600753784, 2.0722076892852783, 2.0779385566711426, 1.863135576248169, 1.889647126197815, 1.8106768131256104, 1.8382048606872559, 1.9795246124267578, 1.8644968271255493, 1.877561092376709, 1.909239411354065, 1.6808377504348755, 1.8154125213623047, 1.7617441415786743, 1.8126394748687744, 1.7733616828918457, 1.6923803091049194, 1.8228178024291992, 1.7309269905090332, 1.6882847547531128, 1.6389334201812744, 1.657736897468567, 1.7329105138778687, 1.6660339832305908, 1.6461843252182007, 1.7617520093917847, 1.7236082553863525, 1.707593321800232, 1.650444507598877, 1.6542847156524658, 1.6834429502487183, 1.6685150861740112, 1.6668869256973267, 1.6794443130493164, 1.6902045011520386, 1.6941490173339844, 1.6750751733779907, 1.6950839757919312, 1.6914254426956177, 1.6808819770812988, 1.6966170072555542, 1.6942594051361084, 1.68776273727417, 1.6842411756515503, 1.696030616760254, 1.6975300312042236, 1.6936264038085938, 1.6976147890090942, 1.691665768623352, 1.6971404552459717]",0.709999979,,,,787884544,2865188,,,,,,"[2, 6, 4, 38, 46, 38, 6, 22]",0.732266488,-0.146660756,0.375,0.125,0,0,0.266666667,,,,,0,0,,BEST,TRUE,FALSE,,,,,,57,TRUE,TRUE,,41.8,NONE
BBDOSH[M],43,2,30,11,1,TRUE,TRUE,"[14, 14, 14, 38, 36, 22, 54, 12]",[],"[{'INP': 32}, {'CONV': [64, 3]}, ({'CONV': [32, 5]}, {'CONV': [256, 3]}), ({'CONV': [32, 5]}, {'CONV': [256, 3]}, {'POOLMAX': [-1, 2]}), ({'CONV': [32, 5]}, {'CONV': [256, 3]}), ({'CONV': [128, 3]}, {'CONV': [256, 3]}, {'POOLMAX': [-1, 2]}), ({'CONV': [128, 3]}, {'CONV': [128, 3]}), ({'CONV': [64, 3]}, {'CONV': [256, 3]}, {'POOLMAX': [-1, 2]}), ({'CONV': [256, 3]}, {'CONV': [256, 3]}), ({'CONV': [32, 5]}, {'CONV': [128, 3]}, {'POOLMAX': [-1, 2]}), {'GLOBAL_AVG': None}, {'LAST_DENSE': [100, 'softmax']}]",HHSE,SUCCMUT,GA,70,"[0.10499999672174454, 0.18539999425411224, 0.18219999969005585, 0.3192000091075897, 0.32359999418258667, 0.2840000092983246, 0.37279999256134033, 0.3901999890804291, 0.3968000113964081, 0.4214000105857849, 0.4909999966621399, 0.45980000495910645, 0.48579999804496765, 0.44999998807907104, 0.517799973487854, 0.4503999948501587, 0.5031999945640564, 0.4966000020503998, 0.5443999767303467, 0.5325999855995178, 0.5148000121116638, 0.5167999863624573, 0.5544000267982483, 0.477400004863739, 0.6028000116348267, 0.61080002784729, 0.569599986076355, 0.6019999980926514, 0.6082000136375427, 0.6061999797821045, 0.6197999715805054, 0.6177999973297119, 0.5983999967575073, 0.6186000108718872, 0.6168000102043152, 0.6538000106811523, 0.605400025844574, 0.6376000046730042, 0.597000002861023, 0.628600001335144, 0.6187999844551086, 0.6611999869346619, 0.6851999759674072, 0.6633999943733215, 0.6470000147819519, 0.6741999983787537, 0.6642000079154968, 0.6832000017166138, 0.6970000267028809, 0.6977999806404114, 0.6909999847412109, 0.6863999962806702, 0.6967999935150146, 0.6844000220298767, 0.6940000057220459, 0.699999988079071, 0.699999988079071, 0.7006000280380249, 0.6913999915122986, 0.694599986076355, 0.701200008392334, 0.6977999806404114, 0.6991999745368958, 0.6972000002861023, 0.6937999725341797, 0.7006000280380249, 0.7034000158309937, 0.6985999941825867, 0.701200008392334, 0.7009999752044678]","[4.109035968780518, 3.6430909633636475, 3.839651584625244, 2.9476943016052246, 2.9492146968841553, 3.408304214477539, 2.877234935760498, 2.7474348545074463, 2.6858785152435303, 2.6646640300750732, 2.405749559402466, 2.6212024688720703, 2.4320638179779053, 2.671865701675415, 2.288423776626587, 2.6780858039855957, 2.432237148284912, 2.46954345703125, 2.263056755065918, 2.3371381759643555, 2.4422497749328613, 2.4122538566589355, 2.282017469406128, 2.6984481811523438, 2.0797460079193115, 2.058997392654419, 2.2438113689422607, 2.046142578125, 2.0205302238464355, 2.0873327255249023, 1.9865165948867798, 1.9758611917495728, 2.095465898513794, 2.023514986038208, 2.0258395671844482, 1.8281004428863525, 2.083268404006958, 1.965352177619934, 2.238351583480835, 1.9846090078353882, 2.0125033855438232, 1.835961103439331, 1.749283790588379, 1.834924578666687, 1.925011157989502, 1.8305646181106567, 1.9255667924880981, 1.7569435834884644, 1.730126142501831, 1.7285820245742798, 1.7637361288070679, 1.7777371406555176, 1.7541406154632568, 1.8338189125061035, 1.83426034450531, 1.7732083797454834, 1.7741546630859375, 1.8023797273635864, 1.8085005283355713, 1.8093194961547852, 1.7941933870315552, 1.7992769479751587, 1.8011099100112915, 1.8073527812957764, 1.811982274055481, 1.7978304624557495, 1.7940410375595093, 1.7951971292495728, 1.8093191385269165, 1.7896453142166138]",0.703400016,,,,1410615296,3381540,,,,,,"[14, 14, 14, 38, 36, 22, 54, 12]",0.869751466,-0.045064416,0.125,0.375,0,0,0.366666667,,,,,0,0,,BEST,TRUE,FALSE,,,,,,42,TRUE,TRUE,,41.7,NONE
BCFATB,44,3,30,18,1,TRUE,FALSE,"[14, 6, 4, 23, 46, 6, 38, 12]",[],"[{'INP': 32}, {'CONV': [64, 3]}, ({'CONV': [32, 5]}, {'CONV': [256, 3]}), ({'CONV': [32, 3]}, {'CONV': [256, 3]}, {'POOLMAX': [-1, 2]}), ({'CONV': [32, 3]}, {'CONV': [128, 3]}), ({'CONV': [64, 3]}, {'CONV': [256, 5]}, {'POOLMAX': [-1, 2]}), ({'CONV': [128, 5]}, {'CONV': [256, 3]}), ({'CONV': [32, 3]}, {'CONV': [256, 3]}, {'POOLMAX': [-1, 2]}), ({'CONV': [128, 3]}, {'CONV': [256, 3]}), ({'CONV': [32, 5]}, {'CONV': [128, 3]}, {'POOLMAX': [-1, 2]}), {'GLOBAL_AVG': None}, {'LAST_DENSE': [100, 'softmax']}]",HHSE,SUCCMUT,GA,70,"[0.10859999805688858, 0.16899999976158142, 0.2637999951839447, 0.30799999833106995, 0.3481999933719635, 0.4115999937057495, 0.4336000084877014, 0.4327999949455261, 0.4490000009536743, 0.45100000500679016, 0.42579999566078186, 0.45260000228881836, 0.519599974155426, 0.5740000009536743, 0.5641999840736389, 0.5740000009536743, 0.5703999996185303, 0.5947999954223633, 0.5568000078201294, 0.5974000096321106, 0.5893999934196472, 0.6065999865531921, 0.6140000224113464, 0.6223999857902527, 0.6096000075340271, 0.567799985408783, 0.6430000066757202, 0.5425999760627747, 0.6218000054359436, 0.607200026512146, 0.6082000136375427, 0.6227999925613403, 0.6583999991416931, 0.6725999712944031, 0.6722000241279602, 0.6531999707221985, 0.6801999807357788, 0.6668000221252441, 0.6733999848365784, 0.6276000142097473, 0.6690000295639038, 0.6759999990463257, 0.7006000280380249, 0.6913999915122986, 0.6899999976158142, 0.6844000220298767, 0.6758000254631042, 0.6966000199317932, 0.7071999907493591, 0.7107999920845032, 0.7038000226020813, 0.7031999826431274, 0.699400007724762, 0.704800009727478, 0.699400007724762, 0.70660001039505, 0.7009999752044678, 0.704800009727478, 0.7084000110626221, 0.698199987411499, 0.7093999981880188, 0.7067999839782715, 0.7111999988555908, 0.7121999859809875, 0.7098000049591064, 0.7103999853134155, 0.7084000110626221, 0.7071999907493591, 0.7085999846458435, 0.7092000246047974]","[4.211346626281738, 3.677516460418701, 3.136939764022827, 3.048515796661377, 2.8963887691497803, 2.643430471420288, 2.51422381401062, 2.6281070709228516, 2.5421831607818604, 2.5778908729553223, 2.887378215789795, 2.6140530109405518, 2.281724452972412, 2.0346059799194336, 2.089887857437134, 2.051166296005249, 2.0755860805511475, 1.9463233947753906, 2.127762794494629, 1.934380054473877, 2.0330028533935547, 1.9411828517913818, 1.8734091520309448, 1.8523178100585938, 1.934912919998169, 2.2690069675445557, 1.8099154233932495, 2.2918949127197266, 1.9574509859085083, 2.001741886138916, 2.06350040435791, 1.9435101747512817, 1.7662298679351807, 1.731033205986023, 1.7289353609085083, 1.843787670135498, 1.705183982849121, 1.7764564752578735, 1.7584586143493652, 2.0500411987304688, 1.7649791240692139, 1.7528115510940552, 1.6646980047225952, 1.672613501548767, 1.727786898612976, 1.7735316753387451, 1.8241783380508423, 1.7043606042861938, 1.6589490175247192, 1.6491400003433228, 1.6795947551727295, 1.6677937507629395, 1.7246757745742798, 1.7079827785491943, 1.7365832328796387, 1.690278172492981, 1.7368388175964355, 1.7112210988998413, 1.715948224067688, 1.7472773790359497, 1.691962718963623, 1.7294726371765137, 1.7076125144958496, 1.7081084251403809, 1.7208441495895386, 1.722059965133667, 1.717935562133789, 1.7179033756256104, 1.7157740592956543, 1.7161204814910889]",0.712199986,,,,1059117056,2983332,,,,,,,0.762055576,-0.126547195,0.125,0.125,0,0,0.6,,,,,0,0,,BEST,TRUE,FALSE,,,,,,2,TRUE,TRUE,,42.1,NONE
BFCFCX[M],45,4,30,19,1,TRUE,TRUE,"[14, 6, 4, 38, 36, 22, 6, 12]",[],"[{'INP': 32}, {'CONV': [64, 3]}, ({'CONV': [32, 5]}, {'CONV': [256, 3]}), ({'CONV': [32, 3]}, {'CONV': [256, 3]}, {'POOLMAX': [-1, 2]}), ({'CONV': [32, 3]}, {'CONV': [128, 3]}), ({'CONV': [128, 3]}, {'CONV': [256, 3]}, {'POOLMAX': [-1, 2]}), ({'CONV': [128, 3]}, {'CONV': [128, 3]}), ({'CONV': [64, 3]}, {'CONV': [256, 3]}, {'POOLMAX': [-1, 2]}), ({'CONV': [32, 3]}, {'CONV': [256, 3]}), ({'CONV': [32, 5]}, {'CONV': [128, 3]}, {'POOLMAX': [-1, 2]}), {'GLOBAL_AVG': None}, {'LAST_DENSE': [100, 'softmax']}]",HHSE,SUCCMUT,GA,70,"[0.07840000092983246, 0.1454000025987625, 0.1817999929189682, 0.29100000858306885, 0.31619998812675476, 0.2563999891281128, 0.40119999647140503, 0.42820000648498535, 0.4068000018596649, 0.39160001277923584, 0.41620001196861267, 0.48919999599456787, 0.462799996137619, 0.5026000142097473, 0.47519999742507935, 0.48500001430511475, 0.47200000286102295, 0.579800009727478, 0.5825999975204468, 0.5550000071525574, 0.5917999744415283, 0.5703999996185303, 0.5824000239372253, 0.592199981212616, 0.6122000217437744, 0.6021999716758728, 0.574400007724762, 0.6132000088691711, 0.5437999963760376, 0.5996000170707703, 0.6398000121116638, 0.5932000279426575, 0.6079999804496765, 0.6262000203132629, 0.628000020980835, 0.6240000128746033, 0.649399995803833, 0.6597999930381775, 0.6704000234603882, 0.6453999876976013, 0.6728000044822693, 0.6765999794006348, 0.6636000275611877, 0.6582000255584717, 0.6646000146865845, 0.6567999720573425, 0.6854000091552734, 0.6848000288009644, 0.6881999969482422, 0.6917999982833862, 0.6827999949455261, 0.6876000165939331, 0.680400013923645, 0.696399986743927, 0.6905999779701233, 0.7003999948501587, 0.6949999928474426, 0.6990000009536743, 0.6912000179290771, 0.7002000212669373, 0.6976000070571899, 0.6972000002861023, 0.6973999738693237, 0.6894000172615051, 0.699400007724762, 0.6976000070571899, 0.6966000199317932, 0.7062000036239624, 0.7063999772071838, 0.7017999887466431]","[4.576310157775879, 3.846160650253296, 3.7814526557922363, 3.119539976119995, 2.9880120754241943, 3.4931187629699707, 2.6762642860412598, 2.5916152000427246, 2.672095537185669, 2.8288989067077637, 2.664034605026245, 2.321594715118408, 2.493710517883301, 2.3233802318573, 2.4414620399475098, 2.435019016265869, 2.589611291885376, 2.0111498832702637, 2.0125536918640137, 2.134972095489502, 1.9255282878875732, 2.0981040000915527, 2.0208232402801514, 2.0269792079925537, 1.94624924659729, 1.8965972661972046, 2.093475341796875, 1.8972489833831787, 2.2752151489257812, 1.9227497577667236, 1.7489216327667236, 2.0295987129211426, 1.922394871711731, 1.8763388395309448, 1.8486539125442505, 1.9171631336212158, 1.7898117303848267, 1.7552822828292847, 1.73722505569458, 1.8271515369415283, 1.6653199195861816, 1.7008191347122192, 1.776854157447815, 1.80875825881958, 1.7797150611877441, 1.8053361177444458, 1.6828670501708984, 1.6510542631149292, 1.6796634197235107, 1.6711233854293823, 1.7317023277282715, 1.7118829488754272, 1.7515912055969238, 1.64566969871521, 1.701751708984375, 1.6306509971618652, 1.6691628694534302, 1.6447087526321411, 1.6709898710250854, 1.667214035987854, 1.6799999475479126, 1.6572932004928589, 1.672817587852478, 1.6891590356826782, 1.6606285572052002, 1.665097713470459, 1.6690824031829834, 1.6505907773971558, 1.6597148180007935, 1.683215856552124]",0.706399977,,,,947487232,1901476,,,,,,"[14, 6, 4, 38, 36, 22, 6, 12]",0.784497998,-0.148011929,0.25,0.125,0,0,0.633333333,,,,,0,0,,BEST,TRUE,FALSE,,,,,,31,TRUE,TRUE,,35.3,NONE
BYCSAW[M],46,5,30,27,1,TRUE,TRUE,"[14, 22, 4, 23, 46, 6, 6, 12]",[],"[{'INP': 32}, {'CONV': [64, 3]}, ({'CONV': [32, 5]}, {'CONV': [256, 3]}), ({'CONV': [64, 3]}, {'CONV': [256, 3]}, {'POOLMAX': [-1, 2]}), ({'CONV': [32, 3]}, {'CONV': [128, 3]}), ({'CONV': [64, 3]}, {'CONV': [256, 5]}, {'POOLMAX': [-1, 2]}), ({'CONV': [128, 5]}, {'CONV': [256, 3]}), ({'CONV': [32, 3]}, {'CONV': [256, 3]}, {'POOLMAX': [-1, 2]}), ({'CONV': [32, 3]}, {'CONV': [256, 3]}), ({'CONV': [32, 5]}, {'CONV': [128, 3]}, {'POOLMAX': [-1, 2]}), {'GLOBAL_AVG': None}, {'LAST_DENSE': [100, 'softmax']}]",HHSE,SUCCMUT,GA,70,"[0.09080000221729279, 0.13099999725818634, 0.17560000717639923, 0.30059999227523804, 0.33059999346733093, 0.301800012588501, 0.4203999936580658, 0.41100001335144043, 0.43939998745918274, 0.39879998564720154, 0.42500001192092896, 0.48980000615119934, 0.4708000123500824, 0.4779999852180481, 0.5174000263214111, 0.4702000021934509, 0.5198000073432922, 0.5533999800682068, 0.48579999804496765, 0.5055999755859375, 0.522599995136261, 0.5436000227928162, 0.5264000296592712, 0.6348000168800354, 0.6140000224113464, 0.6155999898910522, 0.6258000135421753, 0.6194000244140625, 0.626800000667572, 0.6218000054359436, 0.6208000183105469, 0.6245999932289124, 0.6136000156402588, 0.6565999984741211, 0.6669999957084656, 0.6690000295639038, 0.6564000248908997, 0.6646000146865845, 0.6621999740600586, 0.646399974822998, 0.6520000100135803, 0.6790000200271606, 0.6935999989509583, 0.680400013923645, 0.6827999949455261, 0.6931999921798706, 0.6851999759674072, 0.676800012588501, 0.6791999936103821, 0.6858000159263611, 0.6815999746322632, 0.6913999915122986, 0.6855999827384949, 0.6962000131607056, 0.7017999887466431, 0.7013999819755554, 0.6984000205993652, 0.6984000205993652, 0.7067999839782715, 0.7088000178337097, 0.7020000219345093, 0.7052000164985657, 0.7016000151634216, 0.7107999920845032, 0.7085999846458435, 0.7039999961853027, 0.7074000239372253, 0.7081999778747559, 0.701200008392334, 0.7053999900817871]","[4.433921813964844, 4.181852340698242, 3.8456242084503174, 3.152904987335205, 2.950794219970703, 3.1821272373199463, 2.6047353744506836, 2.678013563156128, 2.542823076248169, 2.7904205322265625, 2.6670732498168945, 2.3619544506073, 2.491473436355591, 2.5010337829589844, 2.3609066009521484, 2.5071325302124023, 2.3324592113494873, 2.1821727752685547, 2.51322865486145, 2.4532008171081543, 2.3369460105895996, 2.26255202293396, 2.4504003524780273, 1.9170734882354736, 2.039205312728882, 1.9956743717193604, 1.9148824214935303, 1.8771684169769287, 1.917504072189331, 1.9400172233581543, 1.921424388885498, 1.9904476404190063, 2.0399744510650635, 1.8296351432800293, 1.7501615285873413, 1.738787293434143, 1.8324586153030396, 1.7683130502700806, 1.8240324258804321, 1.8717681169509888, 1.847212314605713, 1.7280353307724, 1.6933627128601074, 1.7347956895828247, 1.7372775077819824, 1.684258222579956, 1.7398353815078735, 1.7818599939346313, 1.7743552923202515, 1.757784128189087, 1.8001198768615723, 1.6992892026901245, 1.7806206941604614, 1.7043319940567017, 1.7053323984146118, 1.7236781120300293, 1.7309741973876953, 1.7173815965652466, 1.7066130638122559, 1.717314600944519, 1.7364211082458496, 1.7151316404342651, 1.7275749444961548, 1.710273265838623, 1.7161439657211304, 1.7369613647460938, 1.729123592376709, 1.7274340391159058, 1.7424982786178589, 1.7309224605560303]",0.710799992,,,,1347107328,2688164,,,,,,"[14, 22, 4, 23, 46, 6, 6, 12]",0.784480835,-0.100662879,0.375,0.125,0,0,0.9,,,,,0,0,,BEST,TRUE,FALSE,,,,,,33,TRUE,TRUE,,35.3,NONE
BPLFRL[M],47,6,30,14,1,TRUE,TRUE,"[14, 6, 4, 38, 36, 38, 6, 12]",[],"[{'INP': 32}, {'CONV': [64, 3]}, ({'CONV': [32, 5]}, {'CONV': [256, 3]}), ({'CONV': [32, 3]}, {'CONV': [256, 3]}, {'POOLMAX': [-1, 2]}), ({'CONV': [32, 3]}, {'CONV': [128, 3]}), ({'CONV': [128, 3]}, {'CONV': [256, 3]}, {'POOLMAX': [-1, 2]}), ({'CONV': [128, 3]}, {'CONV': [128, 3]}), ({'CONV': [128, 3]}, {'CONV': [256, 3]}, {'POOLMAX': [-1, 2]}), ({'CONV': [32, 3]}, {'CONV': [256, 3]}), ({'CONV': [32, 5]}, {'CONV': [128, 3]}, {'POOLMAX': [-1, 2]}), {'GLOBAL_AVG': None}, {'LAST_DENSE': [100, 'softmax']}]",HHSE,SUCCMUT,GA,70,"[0.10419999808073044, 0.1550000011920929, 0.2529999911785126, 0.26460000872612, 0.3476000130176544, 0.3662000000476837, 0.3946000039577484, 0.3734000027179718, 0.4074000120162964, 0.4575999975204468, 0.44040000438690186, 0.45840001106262207, 0.42980000376701355, 0.4812000095844269, 0.4634000062942505, 0.5893999934196472, 0.5633999705314636, 0.5378000140190125, 0.5576000213623047, 0.5422000288963318, 0.5874000191688538, 0.5916000008583069, 0.6046000123023987, 0.5774000287055969, 0.5723999738693237, 0.5853999853134155, 0.6128000020980835, 0.5681999921798706, 0.5582000017166138, 0.579200029373169, 0.5776000022888184, 0.5676000118255615, 0.6381999850273132, 0.6516000032424927, 0.6442000269889832, 0.6485999822616577, 0.6452000141143799, 0.6305999755859375, 0.6366000175476074, 0.6733999848365784, 0.6819999814033508, 0.6776000261306763, 0.6679999828338623, 0.6654000282287598, 0.6611999869346619, 0.6643999814987183, 0.6830000281333923, 0.680400013923645, 0.6797999739646912, 0.6692000031471252, 0.6833999752998352, 0.6863999962806702, 0.6823999881744385, 0.6859999895095825, 0.6809999942779541, 0.6805999875068665, 0.6844000220298767, 0.6819999814033508, 0.6837999820709229, 0.6794000267982483, 0.6818000078201294, 0.6790000200271606, 0.6868000030517578, 0.682200014591217, 0.6851999759674072, 0.6845999956130981, 0.6836000084877014, 0.6854000091552734, 0.6851999759674072, 0.6859999895095825]","[4.094669342041016, 3.8556785583496094, 3.280789852142334, 3.183870553970337, 2.8321938514709473, 2.8019118309020996, 2.6655807495117188, 2.8883180618286133, 2.7568821907043457, 2.4274191856384277, 2.5379140377044678, 2.518141508102417, 2.7212729454040527, 2.4564943313598633, 2.476064443588257, 1.955307960510254, 1.9997808933258057, 2.229133367538452, 2.1362791061401367, 2.210737705230713, 1.914934754371643, 1.926221489906311, 1.8725632429122925, 2.051161527633667, 2.0466580390930176, 1.9695188999176025, 1.8432023525238037, 2.1614344120025635, 2.2705776691436768, 2.0399856567382812, 2.0530507564544678, 2.1929421424865723, 1.7893766164779663, 1.7244713306427002, 1.7877445220947266, 1.7506029605865479, 1.7402359247207642, 1.9253109693527222, 1.8808472156524658, 1.6748967170715332, 1.6363965272903442, 1.6901130676269531, 1.726606011390686, 1.7332513332366943, 1.7433454990386963, 1.7526026964187622, 1.6631076335906982, 1.689622402191162, 1.705870270729065, 1.746385097503662, 1.684994101524353, 1.6710578203201294, 1.6952296495437622, 1.6991817951202393, 1.7134979963302612, 1.7038662433624268, 1.6889632940292358, 1.6848474740982056, 1.6790845394134521, 1.6897128820419312, 1.690327525138855, 1.7070997953414917, 1.6921734809875488, 1.6965259313583374, 1.6948914527893066, 1.6889761686325073, 1.7013709545135498, 1.6949355602264404, 1.6913520097732544, 1.6883468627929688]",0.686800003,,,,975819264,2122916,,,,,,"[14, 6, 4, 38, 36, 38, 6, 12]",0.770522869,-0.0772611,0.125,0.5,0,0,0.466666667,,,,,0,0,,BEST,TRUE,FALSE,,,,,,34,TRUE,TRUE,,35.5,NONE
BVDMRF[M],48,7,30,14,1,TRUE,TRUE,"[14, 6, 4, 38, 36, 7, 6, 12]",[],"[{'INP': 32}, {'CONV': [64, 3]}, ({'CONV': [32, 5]}, {'CONV': [256, 3]}), ({'CONV': [32, 3]}, {'CONV': [256, 3]}, {'POOLMAX': [-1, 2]}), ({'CONV': [32, 3]}, {'CONV': [128, 3]}), ({'CONV': [128, 3]}, {'CONV': [256, 3]}, {'POOLMAX': [-1, 2]}), ({'CONV': [128, 3]}, {'CONV': [128, 3]}), ({'CONV': [32, 3]}, {'CONV': [256, 5]}, {'POOLMAX': [-1, 2]}), ({'CONV': [32, 3]}, {'CONV': [256, 3]}), ({'CONV': [32, 5]}, {'CONV': [128, 3]}, {'POOLMAX': [-1, 2]}), {'GLOBAL_AVG': None}, {'LAST_DENSE': [100, 'softmax']}]",HHSE,SUCCMUT,GA,70,"[0.0860000029206276, 0.11420000344514847, 0.2272000014781952, 0.24120000004768372, 0.3601999878883362, 0.33880001306533813, 0.3190000057220459, 0.3959999978542328, 0.4009999930858612, 0.4374000132083893, 0.44339999556541443, 0.46959999203681946, 0.4359999895095825, 0.48100000619888306, 0.5088000297546387, 0.4702000021934509, 0.5026000142097473, 0.508400022983551, 0.47940000891685486, 0.5049999952316284, 0.5753999948501587, 0.6015999913215637, 0.5784000158309937, 0.592199981212616, 0.6197999715805054, 0.6074000000953674, 0.5968000292778015, 0.5547999739646912, 0.6161999702453613, 0.628000020980835, 0.6485999822616577, 0.6589999794960022, 0.644599974155426, 0.6539999842643738, 0.6628000140190125, 0.6255999803543091, 0.6570000052452087, 0.6624000072479248, 0.6421999931335449, 0.6462000012397766, 0.6794000267982483, 0.673799991607666, 0.6777999997138977, 0.6692000031471252, 0.6779999732971191, 0.678600013256073, 0.6779999732971191, 0.6758000254631042, 0.6740000247955322, 0.6642000079154968, 0.6872000098228455, 0.6922000050544739, 0.6858000159263611, 0.6818000078201294, 0.6877999901771545, 0.6931999921798706, 0.6941999793052673, 0.6922000050544739, 0.6926000118255615, 0.6912000179290771, 0.6868000030517578, 0.6851999759674072, 0.6952000260353088, 0.6959999799728394, 0.692799985408783, 0.6955999732017517, 0.6949999928474426, 0.696399986743927, 0.696399986743927, 0.6944000124931335]","[4.2918572425842285, 4.081889629364014, 3.362013578414917, 3.337035655975342, 2.716574192047119, 2.880398750305176, 3.1496546268463135, 2.694075107574463, 2.676391363143921, 2.5436503887176514, 2.5344276428222656, 2.4202487468719482, 2.6865334510803223, 2.396749496459961, 2.3128840923309326, 2.408966302871704, 2.3930344581604004, 2.3869407176971436, 2.4621663093566895, 2.452911615371704, 2.074753761291504, 1.89957857131958, 2.0338878631591797, 2.0048859119415283, 1.819291353225708, 1.8780688047409058, 1.9880897998809814, 2.277132749557495, 1.8953884840011597, 1.8432408571243286, 1.7202314138412476, 1.6855765581130981, 1.7833863496780396, 1.7379509210586548, 1.646009922027588, 1.9072785377502441, 1.6945207118988037, 1.682309627532959, 1.8111740350723267, 1.807376503944397, 1.6529923677444458, 1.6871999502182007, 1.6349496841430664, 1.6829625368118286, 1.6261301040649414, 1.644881248474121, 1.6423683166503906, 1.664640188217163, 1.7015864849090576, 1.7280313968658447, 1.6264865398406982, 1.597947120666504, 1.642364501953125, 1.662203073501587, 1.6365678310394287, 1.6091581583023071, 1.621017336845398, 1.6195021867752075, 1.620972990989685, 1.6276981830596924, 1.6574410200119019, 1.6514630317687988, 1.63584566116333, 1.6250333786010742, 1.6414504051208496, 1.637065052986145, 1.6342899799346924, 1.6271297931671143, 1.633633017539978, 1.6380724906921387]",0.696399987,,,,950098432,1921828,,,,,,"[14, 6, 4, 38, 36, 7, 6, 12]",0.811672177,-0.018656861,0.25,0.25,0,0,0.466666667,,,,,0,0,,BEST,TRUE,FALSE,,,,,,40,TRUE,TRUE,,35.5,NONE
BVPLOB[M],49,8,30,12,1,TRUE,TRUE,"[8, 22, 9, 38, 22, 20, 6, 12]",[],"[{'INP': 32}, {'CONV': [64, 3]}, ({'CONV': [32, 5]}, {'CONV': [32, 3]}), ({'CONV': [64, 3]}, {'CONV': [256, 3]}, {'POOLMAX': [-1, 2]}), ({'CONV': [32, 5]}, {'CONV': [32, 5]}), ({'CONV': [128, 3]}, {'CONV': [256, 3]}, {'POOLMAX': [-1, 2]}), ({'CONV': [64, 3]}, {'CONV': [256, 3]}), ({'CONV': [64, 3]}, {'CONV': [128, 3]}, {'POOLMAX': [-1, 2]}), ({'CONV': [32, 3]}, {'CONV': [256, 3]}), ({'CONV': [32, 5]}, {'CONV': [128, 3]}, {'POOLMAX': [-1, 2]}), {'GLOBAL_AVG': None}, {'LAST_DENSE': [100, 'softmax']}]",HHSE,SUCCMUT,GA,70,"[0.050599999725818634, 0.14800000190734863, 0.2563999891281128, 0.23100000619888306, 0.2937999963760376, 0.31119999289512634, 0.35580000281333923, 0.3752000033855438, 0.4174000024795532, 0.4131999909877777, 0.399399995803833, 0.47119998931884766, 0.40860000252723694, 0.4196000099182129, 0.4569999873638153, 0.4875999987125397, 0.5067999958992004, 0.46639999747276306, 0.44920000433921814, 0.4603999853134155, 0.4846000075340271, 0.5257999897003174, 0.5288000106811523, 0.46720001101493835, 0.5170000195503235, 0.5171999931335449, 0.5623999834060669, 0.48980000615119934, 0.5627999901771545, 0.5550000071525574, 0.5393999814987183, 0.49639999866485596, 0.5357999801635742, 0.5906000137329102, 0.5616000294685364, 0.5573999881744385, 0.5680000185966492, 0.5799999833106995, 0.5440000295639038, 0.6161999702453613, 0.647599995136261, 0.6087999939918518, 0.6287999749183655, 0.5965999960899353, 0.6119999885559082, 0.6407999992370605, 0.6516000032424927, 0.6362000107765198, 0.6669999957084656, 0.6714000105857849, 0.6574000120162964, 0.6435999870300293, 0.6579999923706055, 0.6672000288963318, 0.6772000193595886, 0.6796000003814697, 0.673799991607666, 0.6794000267982483, 0.6850000023841858, 0.6715999841690063, 0.6815999746322632, 0.6848000288009644, 0.6794000267982483, 0.6866000294685364, 0.6801999807357788, 0.6880000233650208, 0.6909999847412109, 0.6919999718666077, 0.6953999996185303, 0.692799985408783]","[4.43455171585083, 3.7900285720825195, 3.2018492221832275, 3.32722544670105, 3.008451461791992, 2.993830680847168, 2.7734906673431396, 2.679147720336914, 2.571697950363159, 2.5645358562469482, 2.6976847648620605, 2.3175718784332275, 2.634964942932129, 2.6740612983703613, 2.42177677154541, 2.304140090942383, 2.2620041370391846, 2.5191025733947754, 2.5654971599578857, 2.6823766231536865, 2.43699312210083, 2.2108023166656494, 2.1879804134368896, 2.5607070922851562, 2.3043665885925293, 2.3307573795318604, 2.1221275329589844, 2.6156442165374756, 2.0992860794067383, 2.167865753173828, 2.3047502040863037, 2.4926135540008545, 2.2839221954345703, 2.0329701900482178, 2.2006919384002686, 2.2119140625, 2.133385181427002, 2.1327149868011475, 2.3483362197875977, 1.9548312425613403, 1.8322457075119019, 2.0409998893737793, 1.8869123458862305, 2.112147331237793, 1.9986718893051147, 1.848464012145996, 1.8640525341033936, 1.9133089780807495, 1.7319773435592651, 1.764032006263733, 1.7917866706848145, 1.880287528038025, 1.7968379259109497, 1.7747222185134888, 1.7031275033950806, 1.686059594154358, 1.7026742696762085, 1.6992214918136597, 1.757155418395996, 1.7591155767440796, 1.7236793041229248, 1.7011703252792358, 1.7211862802505493, 1.708632469177246, 1.7339515686035156, 1.7067886590957642, 1.7111732959747314, 1.6869523525238037, 1.6895136833190918, 1.7148290872573853]",0.6954,,,,836620800,1678884,,,,,,"[8, 22, 9, 38, 22, 20, 6, 12]",0.842306384,-0.086581246,0.25,0.125,0,0,0.4,,,,,0,0,,BEST,TRUE,FALSE,,,,,,150,TRUE,TRUE,,35.8,NONE
BHKQYP[M],51,10,30,13,1,TRUE,TRUE,"[14, 6, 4, 38, 36, 62, 6, 12]",[],"[{'INP': 32}, {'CONV': [64, 3]}, ({'CONV': [32, 5]}, {'CONV': [256, 3]}), ({'CONV': [32, 3]}, {'CONV': [256, 3]}, {'POOLMAX': [-1, 2]}), ({'CONV': [32, 3]}, {'CONV': [128, 3]}), ({'CONV': [128, 3]}, {'CONV': [256, 3]}, {'POOLMAX': [-1, 2]}), ({'CONV': [128, 3]}, {'CONV': [128, 3]}), ({'CONV': [256, 5]}, {'CONV': [256, 3]}, {'POOLMAX': [-1, 2]}), ({'CONV': [32, 3]}, {'CONV': [256, 3]}), ({'CONV': [32, 5]}, {'CONV': [128, 3]}, {'POOLMAX': [-1, 2]}), {'GLOBAL_AVG': None}, {'LAST_DENSE': [100, 'softmax']}]",HHSE,SUCCMUT,GA,70,"[0.07259999960660934, 0.17479999363422394, 0.20520000159740448, 0.24979999661445618, 0.29679998755455017, 0.3353999853134155, 0.352400004863739, 0.4198000133037567, 0.43459999561309814, 0.40059998631477356, 0.4214000105857849, 0.42800000309944153, 0.47360000014305115, 0.4708000123500824, 0.48019999265670776, 0.4812000095844269, 0.48080000281333923, 0.48240000009536743, 0.5691999793052673, 0.5982000231742859, 0.5953999757766724, 0.5879999995231628, 0.6050000190734863, 0.598800003528595, 0.6136000156402588, 0.5612000226974487, 0.571399986743927, 0.6079999804496765, 0.5884000062942505, 0.633400022983551, 0.6093999743461609, 0.5934000015258789, 0.6182000041007996, 0.6079999804496765, 0.6291999816894531, 0.6430000066757202, 0.6209999918937683, 0.6442000269889832, 0.6615999937057495, 0.6556000113487244, 0.6371999979019165, 0.6227999925613403, 0.6633999943733215, 0.650600016117096, 0.6715999841690063, 0.6725999712944031, 0.6773999929428101, 0.6904000043869019, 0.676800012588501, 0.6891999840736389, 0.6779999732971191, 0.6815999746322632, 0.680400013923645, 0.6855999827384949, 0.6923999786376953, 0.6948000192642212, 0.7035999894142151, 0.6894000172615051, 0.6794000267982483, 0.6830000281333923, 0.6868000030517578, 0.6930000185966492, 0.6934000253677368, 0.6912000179290771, 0.6953999996185303, 0.6919999718666077, 0.6958000063896179, 0.6941999793052673, 0.6976000070571899, 0.6966000199317932]","[4.321813106536865, 3.607046127319336, 3.5527918338775635, 3.3519601821899414, 3.223937749862671, 3.0025017261505127, 2.951451539993286, 2.567492961883545, 2.535533905029297, 2.6588594913482666, 2.70574951171875, 2.6168196201324463, 2.4189705848693848, 2.425034523010254, 2.4945507049560547, 2.507615327835083, 2.473862409591675, 2.5344812870025635, 2.055312156677246, 1.9482663869857788, 1.8984253406524658, 1.9583611488342285, 1.905555248260498, 1.9350699186325073, 1.8959606885910034, 2.173227071762085, 2.204230308532715, 1.8800734281539917, 1.9848300218582153, 1.8111493587493896, 1.9104530811309814, 2.0267016887664795, 1.900033950805664, 1.951101541519165, 1.854120135307312, 1.8483271598815918, 2.0111634731292725, 1.8420076370239258, 1.716989278793335, 1.777167797088623, 1.8753515481948853, 1.9917503595352173, 1.7732945680618286, 1.8231443166732788, 1.725093126296997, 1.7200367450714111, 1.756027340888977, 1.6638964414596558, 1.7197571992874146, 1.7085037231445312, 1.722289800643921, 1.6931082010269165, 1.7610795497894287, 1.6975138187408447, 1.685546875, 1.6687155961990356, 1.640288233757019, 1.734329342842102, 1.7798054218292236, 1.7720388174057007, 1.757300615310669, 1.708377480506897, 1.6989003419876099, 1.7355033159255981, 1.6928032636642456, 1.7329134941101074, 1.7286704778671265, 1.7156850099563599, 1.704251766204834, 1.7119853496551514]",0.703599989,,,,1099592192,3090084,,,,,,"[14, 6, 4, 38, 36, 62, 6, 12]",0.867267608,-0.024701077,0.125,0.25,0,0,0.433333333,,,,,0,0,,BEST,TRUE,FALSE,,,,,,10,TRUE,TRUE,,36.3,NONE
BMBZTR[M],52,11,30,15,1,TRUE,TRUE,"[8, 8, 9, 38, 46, 20, 6, 12]",[],"[{'INP': 32}, {'CONV': [64, 3]}, ({'CONV': [32, 5]}, {'CONV': [32, 3]}), ({'CONV': [32, 5]}, {'CONV': [32, 3]}, {'POOLMAX': [-1, 2]}), ({'CONV': [32, 5]}, {'CONV': [32, 5]}), ({'CONV': [128, 3]}, {'CONV': [256, 3]}, {'POOLMAX': [-1, 2]}), ({'CONV': [128, 5]}, {'CONV': [256, 3]}), ({'CONV': [64, 3]}, {'CONV': [128, 3]}, {'POOLMAX': [-1, 2]}), ({'CONV': [32, 3]}, {'CONV': [256, 3]}), ({'CONV': [32, 5]}, {'CONV': [128, 3]}, {'POOLMAX': [-1, 2]}), {'GLOBAL_AVG': None}, {'LAST_DENSE': [100, 'softmax']}]",HHSE,SUCCMUT,GA,70,"[0.10320000350475311, 0.14300000667572021, 0.19599999487400055, 0.29660001397132874, 0.3147999942302704, 0.3402000069618225, 0.3386000096797943, 0.35260000824928284, 0.3921999931335449, 0.4259999990463257, 0.4059999883174896, 0.47679999470710754, 0.3919999897480011, 0.460999995470047, 0.5049999952316284, 0.4893999993801117, 0.4821999967098236, 0.45260000228881836, 0.5041999816894531, 0.5062000155448914, 0.578000009059906, 0.5224000215530396, 0.5465999841690063, 0.5888000130653381, 0.6082000136375427, 0.5752000212669373, 0.5860000252723694, 0.5577999949455261, 0.614799976348877, 0.6075999736785889, 0.6086000204086304, 0.5989999771118164, 0.5756000280380249, 0.602400004863739, 0.6055999994277954, 0.6412000060081482, 0.6412000060081482, 0.5874000191688538, 0.6313999891281128, 0.6403999924659729, 0.6492000222206116, 0.6674000024795532, 0.6657999753952026, 0.6557999849319458, 0.6611999869346619, 0.671999990940094, 0.6601999998092651, 0.6725999712944031, 0.6736000180244446, 0.6783999800682068, 0.6714000105857849, 0.6777999997138977, 0.675000011920929, 0.6747999787330627, 0.6758000254631042, 0.680400013923645, 0.6791999936103821, 0.6797999739646912, 0.6772000193595886, 0.6777999997138977, 0.6764000058174133, 0.6779999732971191, 0.6772000193595886, 0.6818000078201294, 0.6777999997138977, 0.6773999929428101, 0.6790000200271606, 0.6791999936103821, 0.6800000071525574, 0.6783999800682068]","[4.055132865905762, 3.8404438495635986, 3.8008410930633545, 2.9420652389526367, 2.9491069316864014, 2.9103803634643555, 2.821376085281372, 2.8340065479278564, 2.6604087352752686, 2.5292294025421143, 2.77187180519104, 2.3381075859069824, 3.007194757461548, 2.492501974105835, 2.268162965774536, 2.362887382507324, 2.450688362121582, 2.7210309505462646, 2.3435096740722656, 2.3444910049438477, 2.0148675441741943, 2.3065578937530518, 2.137791395187378, 1.9668253660202026, 1.8904117345809937, 1.9841359853744507, 1.9408252239227295, 2.1393673419952393, 1.870774745941162, 1.823204517364502, 1.9607913494110107, 1.9501782655715942, 2.128702402114868, 1.8944915533065796, 1.9722169637680054, 1.7737654447555542, 1.7850277423858643, 2.1395676136016846, 1.876006007194519, 1.8334881067276, 1.798376202583313, 1.6961581707000732, 1.7099590301513672, 1.775991439819336, 1.7903599739074707, 1.730352520942688, 1.8392367362976074, 1.720167636871338, 1.7154299020767212, 1.7008851766586304, 1.7444744110107422, 1.7252099514007568, 1.722733974456787, 1.73379647731781, 1.7335125207901, 1.72895348072052, 1.713100790977478, 1.7130900621414185, 1.7263449430465698, 1.728117823600769, 1.7438286542892456, 1.7409863471984863, 1.7302169799804688, 1.7189937829971313, 1.7231074571609497, 1.7391746044158936, 1.7317781448364258, 1.718127965927124, 1.724150538444519, 1.7323086261749268]",0.681800008,,,,579084800,2187044,,,,,,"[8, 8, 9, 38, 46, 20, 6, 12]",0.828690746,-0.068333764,0.125,0.25,0,0,0.5,,,,,0,0,,BEST,TRUE,FALSE,,,,,,131,TRUE,TRUE,,36.2,NONE
BWIUEH,53,12,30,12,1,TRUE,FALSE,"[14, 14, 14, 38, 46, 20, 38, 12]",[],"[{'INP': 32}, {'CONV': [64, 3]}, ({'CONV': [32, 5]}, {'CONV': [256, 3]}), ({'CONV': [32, 5]}, {'CONV': [256, 3]}, {'POOLMAX': [-1, 2]}), ({'CONV': [32, 5]}, {'CONV': [256, 3]}), ({'CONV': [128, 3]}, {'CONV': [256, 3]}, {'POOLMAX': [-1, 2]}), ({'CONV': [128, 5]}, {'CONV': [256, 3]}), ({'CONV': [64, 3]}, {'CONV': [128, 3]}, {'POOLMAX': [-1, 2]}), ({'CONV': [128, 3]}, {'CONV': [256, 3]}), ({'CONV': [32, 5]}, {'CONV': [128, 3]}, {'POOLMAX': [-1, 2]}), {'GLOBAL_AVG': None}, {'LAST_DENSE': [100, 'softmax']}]",HHSE,SUCCMUT,GA,70,"[0.11940000206232071, 0.1428000032901764, 0.251800000667572, 0.32919999957084656, 0.27079999446868896, 0.29820001125335693, 0.3962000012397766, 0.39879998564720154, 0.43459999561309814, 0.4171999990940094, 0.3758000135421753, 0.4196000099182129, 0.4108000099658966, 0.4620000123977661, 0.510200023651123, 0.5546000003814697, 0.5450000166893005, 0.5817999839782715, 0.5767999887466431, 0.5667999982833862, 0.5468000173568726, 0.6011999845504761, 0.5771999955177307, 0.5795999765396118, 0.5943999886512756, 0.5789999961853027, 0.5978000164031982, 0.6299999952316284, 0.6371999979019165, 0.6389999985694885, 0.6625999808311462, 0.6377999782562256, 0.650600016117096, 0.6650000214576721, 0.6456000208854675, 0.6407999992370605, 0.621399998664856, 0.6412000060081482, 0.6320000290870667, 0.6790000200271606, 0.6711999773979187, 0.6741999983787537, 0.6952000260353088, 0.6840000152587891, 0.6628000140190125, 0.6880000233650208, 0.6725999712944031, 0.6759999990463257, 0.6912000179290771, 0.6949999928474426, 0.6855999827384949, 0.6944000124931335, 0.6899999976158142, 0.6940000057220459, 0.6899999976158142, 0.6898000240325928, 0.6830000281333923, 0.7003999948501587, 0.7016000151634216, 0.698199987411499, 0.6970000267028809, 0.6988000273704529, 0.6967999935150146, 0.6976000070571899, 0.6966000199317932, 0.696399986743927, 0.6988000273704529, 0.6988000273704529, 0.6998000144958496, 0.6985999941825867]","[4.084392070770264, 4.045187950134277, 3.2259633541107178, 2.920811176300049, 3.325883626937866, 3.1782729625701904, 2.7656912803649902, 2.7449395656585693, 2.577260971069336, 2.6093618869781494, 3.046696901321411, 2.8521876335144043, 2.8108110427856445, 2.5777106285095215, 2.3670055866241455, 2.029470443725586, 2.217039108276367, 2.0123631954193115, 2.0052731037139893, 2.086590528488159, 2.225414276123047, 1.8794349431991577, 1.9924341440200806, 2.048168659210205, 1.9691734313964844, 2.0933568477630615, 2.022231101989746, 1.8027303218841553, 1.8318861722946167, 1.8257625102996826, 1.6873782873153687, 1.8607382774353027, 1.724021315574646, 1.6740185022354126, 1.7904582023620605, 1.8271493911743164, 1.9216387271881104, 1.8770073652267456, 1.8668386936187744, 1.6561152935028076, 1.706246256828308, 1.6988849639892578, 1.6405539512634277, 1.650766372680664, 1.7654906511306763, 1.6530519723892212, 1.7249122858047485, 1.6991376876831055, 1.651153326034546, 1.6515063047409058, 1.6718169450759888, 1.643134593963623, 1.6792511940002441, 1.6610722541809082, 1.667384147644043, 1.6796914339065552, 1.7122389078140259, 1.6456409692764282, 1.6451728343963623, 1.6590111255645752, 1.6708534955978394, 1.6598901748657227, 1.6699005365371704, 1.6635503768920898, 1.6644933223724365, 1.6644195318222046, 1.6624404191970825, 1.6585253477096558, 1.664468765258789, 1.6703712940216064]",0.701600015,,,,1472962560,3315492,,,,,,,0.850377891,-0.014152784,0.375,0.25,0,0,0.4,,,,,0,0,,BEST,TRUE,FALSE,,,,,,53,TRUE,TRUE,,36.6,NONE
BUYFSW[M],54,13,30,17,1,TRUE,TRUE,"[14, 6, 4, 38, 36, 38, 54, 12]",[],"[{'INP': 32}, {'CONV': [64, 3]}, ({'CONV': [32, 5]}, {'CONV': [256, 3]}), ({'CONV': [32, 3]}, {'CONV': [256, 3]}, {'POOLMAX': [-1, 2]}), ({'CONV': [32, 3]}, {'CONV': [128, 3]}), ({'CONV': [128, 3]}, {'CONV': [256, 3]}, {'POOLMAX': [-1, 2]}), ({'CONV': [128, 3]}, {'CONV': [128, 3]}), ({'CONV': [128, 3]}, {'CONV': [256, 3]}, {'POOLMAX': [-1, 2]}), ({'CONV': [256, 3]}, {'CONV': [256, 3]}), ({'CONV': [32, 5]}, {'CONV': [128, 3]}, {'POOLMAX': [-1, 2]}), {'GLOBAL_AVG': None}, {'LAST_DENSE': [100, 'softmax']}]",HHSE,SUCCMUT,GA,70,"[0.11400000005960464, 0.13740000128746033, 0.20640000700950623, 0.2754000127315521, 0.3165999948978424, 0.37279999256134033, 0.35179999470710754, 0.4124000072479248, 0.39579999446868896, 0.4323999881744385, 0.5091999769210815, 0.48919999599456787, 0.4851999878883362, 0.43779999017715454, 0.4844000041484833, 0.5037999749183655, 0.5820000171661377, 0.5971999764442444, 0.6019999980926514, 0.5910000205039978, 0.5690000057220459, 0.5860000252723694, 0.593999981880188, 0.5896000266075134, 0.6200000047683716, 0.633400022983551, 0.628600001335144, 0.6421999931335449, 0.6592000126838684, 0.6647999882698059, 0.6565999984741211, 0.6814000010490417, 0.6367999911308289, 0.6603999733924866, 0.6434000134468079, 0.6592000126838684, 0.675000011920929, 0.6632000207901001, 0.673799991607666, 0.6826000213623047, 0.66839998960495, 0.6801999807357788, 0.6966000199317932, 0.6976000070571899, 0.6962000131607056, 0.6872000098228455, 0.692799985408783, 0.6959999799728394, 0.7017999887466431, 0.696399986743927, 0.7059999704360962, 0.7013999819755554, 0.7016000151634216, 0.7035999894142151, 0.7045999765396118, 0.7020000219345093, 0.7008000016212463, 0.6998000144958496, 0.701200008392334, 0.7049999833106995, 0.7057999968528748, 0.7074000239372253, 0.7034000158309937, 0.7044000029563904, 0.704800009727478, 0.7059999704360962, 0.7062000036239624, 0.7067999839782715, 0.7059999704360962, 0.7062000036239624]","[4.118836879730225, 4.123354434967041, 3.630126476287842, 3.1479504108428955, 3.1005024909973145, 2.7890868186950684, 3.055969715118408, 2.735661029815674, 2.827157974243164, 2.6227283477783203, 2.331493854522705, 2.413052797317505, 2.4632585048675537, 2.8231749534606934, 2.5097498893737793, 2.41147518157959, 2.0972023010253906, 1.9858120679855347, 1.9617512226104736, 2.0407872200012207, 2.189321756362915, 2.0310378074645996, 2.0284602642059326, 2.0691375732421875, 1.9261997938156128, 1.9050488471984863, 1.9233851432800293, 1.801438331604004, 1.7730070352554321, 1.7199645042419434, 1.7399073839187622, 1.6897939443588257, 1.951805830001831, 1.7903437614440918, 1.8892587423324585, 1.796400547027588, 1.7219712734222412, 1.8130124807357788, 1.7692593336105347, 1.735824465751648, 1.83846914768219, 1.7670665979385376, 1.6913336515426636, 1.7173523902893066, 1.6852494478225708, 1.758819580078125, 1.7297862768173218, 1.6986579895019531, 1.6852136850357056, 1.7327656745910645, 1.6914509534835815, 1.6840649843215942, 1.7158355712890625, 1.6964632272720337, 1.7199413776397705, 1.7207227945327759, 1.7199406623840332, 1.7359530925750732, 1.7224818468093872, 1.719626784324646, 1.7456986904144287, 1.7193444967269897, 1.7289727926254272, 1.7392865419387817, 1.734135389328003, 1.7332310676574707, 1.7220923900604248, 1.7215384244918823, 1.7258456945419312, 1.7246562242507935]",0.707400024,,,,1008867328,3156004,,,,,,"[14, 6, 4, 38, 36, 38, 54, 12]",0.803132967,-0.074322588,0.625,0.125,0,0,0.566666667,,,,,0,0,,BEST,TRUE,FALSE,,,,,,22,TRUE,TRUE,,36.6,NONE
BVGGRC[M],55,14,30,30,1,TRUE,TRUE,"[14, 6, 4, 38, 47, 7, 38, 12]",[],"[{'INP': 32}, {'CONV': [64, 3]}, ({'CONV': [32, 5]}, {'CONV': [256, 3]}), ({'CONV': [32, 3]}, {'CONV': [256, 3]}, {'POOLMAX': [-1, 2]}), ({'CONV': [32, 3]}, {'CONV': [128, 3]}), ({'CONV': [128, 3]}, {'CONV': [256, 3]}, {'POOLMAX': [-1, 2]}), ({'CONV': [128, 5]}, {'CONV': [256, 5]}), ({'CONV': [32, 3]}, {'CONV': [256, 5]}, {'POOLMAX': [-1, 2]}), ({'CONV': [128, 3]}, {'CONV': [256, 3]}), ({'CONV': [32, 5]}, {'CONV': [128, 3]}, {'POOLMAX': [-1, 2]}), {'GLOBAL_AVG': None}, {'LAST_DENSE': [100, 'softmax']}]",HHSE,SUCCMUT,GA,70,"[0.1143999993801117, 0.17260000109672546, 0.25459998846054077, 0.23980000615119934, 0.2754000127315521, 0.39079999923706055, 0.40119999647140503, 0.41499999165534973, 0.4578000009059906, 0.4691999852657318, 0.47940000891685486, 0.45879998803138733, 0.49320000410079956, 0.4602000117301941, 0.48019999265670776, 0.5094000101089478, 0.41100001335144043, 0.5037999749183655, 0.602400004863739, 0.590399980545044, 0.6209999918937683, 0.5863999724388123, 0.6087999939918518, 0.5920000076293945, 0.6146000027656555, 0.6317999958992004, 0.5680000185966492, 0.6010000109672546, 0.6317999958992004, 0.628000020980835, 0.6376000046730042, 0.659600019454956, 0.6218000054359436, 0.6069999933242798, 0.6068000197410583, 0.6182000041007996, 0.5748000144958496, 0.6636000275611877, 0.6837999820709229, 0.6629999876022339, 0.6678000092506409, 0.6610000133514404, 0.6618000268936157, 0.6783999800682068, 0.6890000104904175, 0.692799985408783, 0.6958000063896179, 0.6801999807357788, 0.6854000091552734, 0.6934000253677368, 0.7071999907493591, 0.6916000247001648, 0.6931999921798706, 0.6890000104904175, 0.7021999955177307, 0.704200029373169, 0.6991999745368958, 0.7057999968528748, 0.7161999940872192, 0.7052000164985657, 0.7085999846458435, 0.7077999711036682, 0.7106000185012817, 0.7077999711036682, 0.7056000232696533, 0.7102000117301941, 0.7111999988555908, 0.7124000191688538, 0.7134000062942505, 0.715399980545044]","[4.130741119384766, 3.752342939376831, 3.234191656112671, 3.5499374866485596, 3.452836036682129, 2.681746482849121, 2.690484046936035, 2.7056593894958496, 2.480132579803467, 2.4770848751068115, 2.428466320037842, 2.5617804527282715, 2.3982200622558594, 2.611051559448242, 2.5530683994293213, 2.4000377655029297, 2.9796700477600098, 2.473907470703125, 2.025470018386841, 2.082427740097046, 1.932132601737976, 2.054002523422241, 1.9771267175674438, 2.01513671875, 1.9702390432357788, 1.9053046703338623, 2.2280914783477783, 2.0308356285095215, 1.8979629278182983, 1.9512802362442017, 1.9339085817337036, 1.7869172096252441, 2.03401780128479, 2.10807466506958, 2.1311676502227783, 2.006204605102539, 2.3309309482574463, 1.8630973100662231, 1.7846777439117432, 1.9158523082733154, 1.8404138088226318, 1.904200553894043, 1.909964680671692, 1.8601089715957642, 1.8040517568588257, 1.7963597774505615, 1.7582380771636963, 1.8567394018173218, 1.8341468572616577, 1.7513409852981567, 1.7917855978012085, 1.8411359786987305, 1.8508028984069824, 1.8760697841644287, 1.7906570434570312, 1.8170157670974731, 1.8155064582824707, 1.814802885055542, 1.796127200126648, 1.848420262336731, 1.8054052591323853, 1.831789255142212, 1.7971974611282349, 1.8115513324737549, 1.8237296342849731, 1.8146644830703735, 1.8050806522369385, 1.8013046979904175, 1.8193295001983643, 1.8166950941085815]",0.716199994,,,,1122113536,3597988,,,,,,"[14, 6, 4, 38, 47, 7, 38, 12]",0.805059545,-0.091124103,0.25,0.125,0,1,1,,,,,0,0,,BEST,TRUE,FALSE,,,,,,21,TRUE,TRUE,,36.8,NONE
BZTDPN[M],56,15,30,23,1,TRUE,TRUE,"[14, 6, 4, 38, 36, 22, 54, 12]",[],"[{'INP': 32}, {'CONV': [64, 3]}, ({'CONV': [32, 5]}, {'CONV': [256, 3]}), ({'CONV': [32, 3]}, {'CONV': [256, 3]}, {'POOLMAX': [-1, 2]}), ({'CONV': [32, 3]}, {'CONV': [128, 3]}), ({'CONV': [128, 3]}, {'CONV': [256, 3]}, {'POOLMAX': [-1, 2]}), ({'CONV': [128, 3]}, {'CONV': [128, 3]}), ({'CONV': [64, 3]}, {'CONV': [256, 3]}, {'POOLMAX': [-1, 2]}), ({'CONV': [256, 3]}, {'CONV': [256, 3]}), ({'CONV': [32, 5]}, {'CONV': [128, 3]}, {'POOLMAX': [-1, 2]}), {'GLOBAL_AVG': None}, {'LAST_DENSE': [100, 'softmax']}]",HHSE,SUCCMUT,GA,70,"[0.08560000360012054, 0.13379999995231628, 0.2272000014781952, 0.2777999937534332, 0.2635999917984009, 0.36980000138282776, 0.3490000069141388, 0.3871999979019165, 0.43320000171661377, 0.42340001463890076, 0.4805999994277954, 0.4320000112056732, 0.42179998755455017, 0.5267999768257141, 0.4528000056743622, 0.47600001096725464, 0.5342000126838684, 0.4844000041484833, 0.5374000072479248, 0.6037999987602234, 0.6273999810218811, 0.5776000022888184, 0.6033999919891357, 0.5879999995231628, 0.6000000238418579, 0.618399977684021, 0.6179999709129333, 0.6700000166893005, 0.6245999932289124, 0.6470000147819519, 0.6478000283241272, 0.6395999789237976, 0.6552000045776367, 0.6904000043869019, 0.6873999834060669, 0.6797999739646912, 0.6779999732971191, 0.6769999861717224, 0.6967999935150146, 0.6815999746322632, 0.6919999718666077, 0.6877999901771545, 0.6952000260353088, 0.7021999955177307, 0.6881999969482422, 0.6908000111579895, 0.6895999908447266, 0.6868000030517578, 0.6930000185966492, 0.699999988079071, 0.6977999806404114, 0.7026000022888184, 0.7052000164985657, 0.7003999948501587, 0.7035999894142151, 0.7021999955177307, 0.701200008392334, 0.7059999704360962, 0.7026000022888184, 0.703000009059906, 0.703000009059906, 0.7039999961853027, 0.7039999961853027, 0.7039999961853027, 0.7039999961853027, 0.704800009727478, 0.704200029373169, 0.704200029373169, 0.7053999900817871, 0.7067999839782715]","[4.236245155334473, 3.9751503467559814, 3.420635223388672, 3.2925655841827393, 3.4072296619415283, 2.7469563484191895, 3.047653913497925, 2.7966670989990234, 2.593029499053955, 2.667595386505127, 2.4127559661865234, 2.657663583755493, 2.7652056217193604, 2.2803056240081787, 2.8132927417755127, 2.577772855758667, 2.28204345703125, 2.541423797607422, 2.3215229511260986, 2.003474473953247, 1.8902077674865723, 2.1595475673675537, 1.9922137260437012, 2.024766683578491, 2.019843578338623, 1.9252629280090332, 1.9631965160369873, 1.7426977157592773, 1.941408395767212, 1.8498445749282837, 1.866176962852478, 1.9266849756240845, 1.8459935188293457, 1.6846030950546265, 1.6735864877700806, 1.7511188983917236, 1.7238054275512695, 1.7301989793777466, 1.680799961090088, 1.7225669622421265, 1.6721181869506836, 1.7062101364135742, 1.6801917552947998, 1.6563400030136108, 1.711844563484192, 1.7391278743743896, 1.7215310335159302, 1.7324833869934082, 1.718970537185669, 1.6796165704727173, 1.7055952548980713, 1.6794999837875366, 1.668416976928711, 1.7034459114074707, 1.6874208450317383, 1.682046890258789, 1.706603765487671, 1.697231650352478, 1.7041605710983276, 1.6933164596557617, 1.7048476934432983, 1.7056111097335815, 1.7125176191329956, 1.6921777725219727, 1.6940581798553467, 1.6993839740753174, 1.703976035118103, 1.6992887258529663, 1.6977429389953613, 1.6997569799423218]",0.706799984,,,,980535296,2934564,,,,,,"[14, 6, 4, 38, 36, 22, 54, 12]",0.766847173,-0.087754699,0.25,0.375,0,0,0.766666667,,,,,0,0,,BEST,TRUE,FALSE,,,,,,20,TRUE,TRUE,,36.9,NONE
BZZYQK[M],57,16,30,29,1,TRUE,TRUE,"[20, 14, 14, 38, 22, 38, 54, 12]",[],"[{'INP': 32}, {'CONV': [64, 3]}, ({'CONV': [64, 3]}, {'CONV': [128, 3]}), ({'CONV': [32, 5]}, {'CONV': [256, 3]}, {'POOLMAX': [-1, 2]}), ({'CONV': [32, 5]}, {'CONV': [256, 3]}), ({'CONV': [128, 3]}, {'CONV': [256, 3]}, {'POOLMAX': [-1, 2]}), ({'CONV': [64, 3]}, {'CONV': [256, 3]}), ({'CONV': [128, 3]}, {'CONV': [256, 3]}, {'POOLMAX': [-1, 2]}), ({'CONV': [256, 3]}, {'CONV': [256, 3]}), ({'CONV': [32, 5]}, {'CONV': [128, 3]}, {'POOLMAX': [-1, 2]}), {'GLOBAL_AVG': None}, {'LAST_DENSE': [100, 'softmax']}]",HHSE,SUCCMUT,GA,70,"[0.11659999936819077, 0.20000000298023224, 0.20919999480247498, 0.25060001015663147, 0.3646000027656555, 0.3490000069141388, 0.37459999322891235, 0.36000001430511475, 0.4269999861717224, 0.4259999990463257, 0.45899999141693115, 0.42980000376701355, 0.45680001378059387, 0.4837999939918518, 0.4846000075340271, 0.4803999960422516, 0.4869999885559082, 0.49939998984336853, 0.5332000255584717, 0.519599974155426, 0.5600000023841858, 0.5174000263214111, 0.5231999754905701, 0.5422000288963318, 0.5591999888420105, 0.5347999930381775, 0.6258000135421753, 0.6133999824523926, 0.6200000047683716, 0.605400025844574, 0.5961999893188477, 0.6204000115394592, 0.6385999917984009, 0.626800000667572, 0.6467999815940857, 0.6287999749183655, 0.6344000101089478, 0.6330000162124634, 0.6151999831199646, 0.6104000210762024, 0.6772000193595886, 0.6844000220298767, 0.6728000044822693, 0.6642000079154968, 0.678600013256073, 0.6764000058174133, 0.6636000275611877, 0.6922000050544739, 0.6845999956130981, 0.7006000280380249, 0.7080000042915344, 0.6948000192642212, 0.6955999732017517, 0.703000009059906, 0.6916000247001648, 0.7009999752044678, 0.7020000219345093, 0.704800009727478, 0.703000009059906, 0.7063999772071838, 0.7062000036239624, 0.7053999900817871, 0.7026000022888184, 0.7120000123977661, 0.7057999968528748, 0.7103999853134155, 0.7129999995231628, 0.7116000056266785, 0.7095999717712402, 0.7135999798774719]","[4.099839210510254, 3.550800323486328, 3.5689542293548584, 3.355661630630493, 2.814237356185913, 2.8512444496154785, 2.9093542098999023, 3.0555686950683594, 2.611751079559326, 2.6580653190612793, 2.5215988159179688, 2.6931941509246826, 2.567295551300049, 2.4947516918182373, 2.5096237659454346, 2.4876317977905273, 2.5209591388702393, 2.4485018253326416, 2.3003945350646973, 2.361379623413086, 2.2361581325531006, 2.429823398590088, 2.4300308227539062, 2.362006664276123, 2.2686378955841064, 2.37850284576416, 1.9651126861572266, 2.025749921798706, 1.9409148693084717, 2.060267686843872, 2.131150007247925, 2.003361225128174, 1.935606598854065, 1.9666621685028076, 1.8595227003097534, 1.967167615890503, 1.9631824493408203, 1.9335967302322388, 2.1535520553588867, 2.1308255195617676, 1.7965118885040283, 1.7217460870742798, 1.7743244171142578, 1.8783761262893677, 1.7395585775375366, 1.8527921438217163, 1.929181694984436, 1.7270358800888062, 1.773635983467102, 1.7315634489059448, 1.6843788623809814, 1.7580941915512085, 1.7463008165359497, 1.7664607763290405, 1.805878758430481, 1.7819435596466064, 1.7371587753295898, 1.7371013164520264, 1.7353814840316772, 1.7468990087509155, 1.7480043172836304, 1.743852972984314, 1.7512601613998413, 1.7412314414978027, 1.7403117418289185, 1.7351160049438477, 1.7319473028182983, 1.7418769598007202, 1.7538074254989624, 1.7440112829208374]",0.71359998,,,,1199400960,3486116,,,,,,"[20, 14, 14, 38, 22, 38, 54, 12]",0.847633024,-0.020742513,0.375,0.125,0,0,0.966666667,,,,,0,0,,BEST,TRUE,FALSE,,,,,,32,TRUE,TRUE,,37.3,NONE
BNBTAJ[M],58,17,30,23,1,TRUE,TRUE,"[14, 6, 4, 38, 36, 22, 38, 12]",[],"[{'INP': 32}, {'CONV': [64, 3]}, ({'CONV': [32, 5]}, {'CONV': [256, 3]}), ({'CONV': [32, 3]}, {'CONV': [256, 3]}, {'POOLMAX': [-1, 2]}), ({'CONV': [32, 3]}, {'CONV': [128, 3]}), ({'CONV': [128, 3]}, {'CONV': [256, 3]}, {'POOLMAX': [-1, 2]}), ({'CONV': [128, 3]}, {'CONV': [128, 3]}), ({'CONV': [64, 3]}, {'CONV': [256, 3]}, {'POOLMAX': [-1, 2]}), ({'CONV': [128, 3]}, {'CONV': [256, 3]}), ({'CONV': [32, 5]}, {'CONV': [128, 3]}, {'POOLMAX': [-1, 2]}), {'GLOBAL_AVG': None}, {'LAST_DENSE': [100, 'softmax']}]",HHSE,SUCCMUT,GA,70,"[0.06719999760389328, 0.14980000257492065, 0.22519999742507935, 0.21439999341964722, 0.2797999978065491, 0.3386000096797943, 0.3499999940395355, 0.4320000112056732, 0.4169999957084656, 0.46380001306533813, 0.4311999976634979, 0.4350000023841858, 0.4474000036716461, 0.5040000081062317, 0.4997999966144562, 0.5080000162124634, 0.508400022983551, 0.5446000099182129, 0.5185999870300293, 0.47999998927116394, 0.5174000263214111, 0.5515999794006348, 0.5663999915122986, 0.5651999711990356, 0.5407999753952026, 0.510200023651123, 0.4903999865055084, 0.5565999746322632, 0.5911999940872192, 0.6448000073432922, 0.5924000144004822, 0.6341999769210815, 0.6517999768257141, 0.6516000032424927, 0.6161999702453613, 0.6251999735832214, 0.65420001745224, 0.597000002861023, 0.6812000274658203, 0.6769999861717224, 0.6823999881744385, 0.6615999937057495, 0.6758000254631042, 0.675000011920929, 0.6881999969482422, 0.6901999711990356, 0.6854000091552734, 0.699400007724762, 0.6980000138282776, 0.6984000205993652, 0.7045999765396118, 0.6818000078201294, 0.6905999779701233, 0.6941999793052673, 0.6912000179290771, 0.6991999745368958, 0.6916000247001648, 0.6919999718666077, 0.7070000171661377, 0.6998000144958496, 0.7016000151634216, 0.7110000252723694, 0.7056000232696533, 0.7034000158309937, 0.7053999900817871, 0.7092000246047974, 0.7102000117301941, 0.7077999711036682, 0.7071999907493591, 0.7098000049591064]","[4.962751388549805, 3.9563074111938477, 3.4339003562927246, 3.9533824920654297, 3.4733855724334717, 2.918544054031372, 2.9237568378448486, 2.534531354904175, 2.6309499740600586, 2.4889743328094482, 2.639357328414917, 2.6515331268310547, 2.625703811645508, 2.345613956451416, 2.4052956104278564, 2.443615198135376, 2.424837350845337, 2.2352516651153564, 2.3602733612060547, 2.769793748855591, 2.404252052307129, 2.2765493392944336, 2.203822612762451, 2.2768635749816895, 2.3674864768981934, 2.6965553760528564, 2.707756996154785, 2.323014497756958, 2.16676664352417, 1.8578661680221558, 2.226738452911377, 1.976012945175171, 1.855194091796875, 1.8567464351654053, 2.0723791122436523, 2.0490598678588867, 1.865394115447998, 2.2131991386413574, 1.7278826236724854, 1.7686289548873901, 1.7624104022979736, 1.838335394859314, 1.8280998468399048, 1.8308099508285522, 1.7713959217071533, 1.7627506256103516, 1.7805604934692383, 1.7265043258666992, 1.7463560104370117, 1.7142043113708496, 1.7181117534637451, 1.8358378410339355, 1.7804713249206543, 1.7716639041900635, 1.8188972473144531, 1.7787572145462036, 1.835523247718811, 1.8134573698043823, 1.7690215110778809, 1.7887192964553833, 1.7876930236816406, 1.7608562707901, 1.7796061038970947, 1.8078646659851074, 1.7857047319412231, 1.7752400636672974, 1.777572512626648, 1.7889190912246704, 1.7912282943725586, 1.77372145652771]",0.711000025,,,,961650688,2344228,,,,,,"[14, 6, 4, 38, 36, 22, 38, 12]",0.782920654,-0.07457351,0.375,0.25,0,0,0.766666667,,,,,0,0,,BEST,TRUE,FALSE,,,,,,27,TRUE,TRUE,,37.3,NONE
BQADCS,60,19,30,18,1,TRUE,FALSE,"[14, 6, 4, 23, 46, 6, 6, 12]",[],"[{'INP': 32}, {'CONV': [64, 3]}, ({'CONV': [32, 5]}, {'CONV': [256, 3]}), ({'CONV': [32, 3]}, {'CONV': [256, 3]}, {'POOLMAX': [-1, 2]}), ({'CONV': [32, 3]}, {'CONV': [128, 3]}), ({'CONV': [64, 3]}, {'CONV': [256, 5]}, {'POOLMAX': [-1, 2]}), ({'CONV': [128, 5]}, {'CONV': [256, 3]}), ({'CONV': [32, 3]}, {'CONV': [256, 3]}, {'POOLMAX': [-1, 2]}), ({'CONV': [32, 3]}, {'CONV': [256, 3]}), ({'CONV': [32, 5]}, {'CONV': [128, 3]}, {'POOLMAX': [-1, 2]}), {'GLOBAL_AVG': None}, {'LAST_DENSE': [100, 'softmax']}]",HHSE,SUCCMUT,GA,70,"[0.1128000020980835, 0.18539999425411224, 0.23160000145435333, 0.25440001487731934, 0.32280001044273376, 0.39320001006126404, 0.37059998512268066, 0.4018000066280365, 0.4235999882221222, 0.46380001306533813, 0.47099998593330383, 0.4772000014781952, 0.46720001101493835, 0.46459999680519104, 0.522599995136261, 0.487199991941452, 0.5275999903678894, 0.510200023651123, 0.5425999760627747, 0.4758000075817108, 0.4887999892234802, 0.5371999740600586, 0.6154000163078308, 0.597599983215332, 0.5582000017166138, 0.6525999903678894, 0.6517999768257141, 0.5845999717712402, 0.63919997215271, 0.6355999708175659, 0.6187999844551086, 0.6639999747276306, 0.6761999726295471, 0.6593999862670898, 0.6714000105857849, 0.6254000067710876, 0.6600000262260437, 0.6710000038146973, 0.6859999895095825, 0.6855999827384949, 0.6790000200271606, 0.6836000084877014, 0.6815999746322632, 0.6899999976158142, 0.6905999779701233, 0.6922000050544739, 0.6991999745368958, 0.7045999765396118, 0.6991999745368958, 0.6899999976158142, 0.7017999887466431, 0.692799985408783, 0.6930000185966492, 0.6973999738693237, 0.704200029373169, 0.704200029373169, 0.7035999894142151, 0.703000009059906, 0.7034000158309937, 0.7039999961853027, 0.7003999948501587, 0.704200029373169, 0.7021999955177307, 0.7009999752044678, 0.7016000151634216, 0.7031999826431274, 0.7039999961853027, 0.703000009059906, 0.7009999752044678, 0.7020000219345093]","[4.098465919494629, 3.635802745819092, 3.466871976852417, 3.29021954536438, 2.980098009109497, 2.6472601890563965, 2.818382740020752, 2.731166362762451, 2.588059902191162, 2.539865732192993, 2.4484336376190186, 2.4202778339385986, 2.475527286529541, 2.472235679626465, 2.25587797164917, 2.4473071098327637, 2.2459657192230225, 2.4316797256469727, 2.251462697982788, 2.5985379219055176, 2.616931200027466, 2.287095785140991, 1.94440758228302, 1.9941786527633667, 2.3039865493774414, 1.7663005590438843, 1.789735198020935, 2.083489179611206, 1.842037558555603, 1.8894401788711548, 1.9915900230407715, 1.7358787059783936, 1.673982858657837, 1.7692443132400513, 1.710356593132019, 2.00018048286438, 1.7728512287139893, 1.7339534759521484, 1.6532217264175415, 1.6635990142822266, 1.6894993782043457, 1.695416808128357, 1.7157162427902222, 1.6840519905090332, 1.687343955039978, 1.6515498161315918, 1.6370943784713745, 1.6242634057998657, 1.6527671813964844, 1.686745524406433, 1.6421749591827393, 1.6943851709365845, 1.6894910335540771, 1.6625611782073975, 1.6406831741333008, 1.645986557006836, 1.6451538801193237, 1.640727162361145, 1.6432218551635742, 1.647558569908142, 1.6695197820663452, 1.649692416191101, 1.655033826828003, 1.6572808027267456, 1.6583279371261597, 1.6567769050598145, 1.6541136503219604, 1.6567327976226807, 1.656690001487732, 1.651974081993103]",0.704599977,,,,1044953600,2540580,,,,,,,0.803923523,-0.107277401,0.375,0.125,0,0,0.6,,,,,0,0,,BEST,TRUE,FALSE,,,,,,7,TRUE,TRUE,,37.6,NONE
BWVGML[M],62,21,30,30,1,TRUE,TRUE,"[14, 6, 4, 23, 36, 38, 54, 12]",[],"[{'INP': 32}, {'CONV': [64, 3]}, ({'CONV': [32, 5]}, {'CONV': [256, 3]}), ({'CONV': [32, 3]}, {'CONV': [256, 3]}, {'POOLMAX': [-1, 2]}), ({'CONV': [32, 3]}, {'CONV': [128, 3]}), ({'CONV': [64, 3]}, {'CONV': [256, 5]}, {'POOLMAX': [-1, 2]}), ({'CONV': [128, 3]}, {'CONV': [128, 3]}), ({'CONV': [128, 3]}, {'CONV': [256, 3]}, {'POOLMAX': [-1, 2]}), ({'CONV': [256, 3]}, {'CONV': [256, 3]}), ({'CONV': [32, 5]}, {'CONV': [128, 3]}, {'POOLMAX': [-1, 2]}), {'GLOBAL_AVG': None}, {'LAST_DENSE': [100, 'softmax']}]",HHSE,SUCCMUT,GA,70,"[0.09780000150203705, 0.20499999821186066, 0.22759999334812164, 0.2526000142097473, 0.2946000099182129, 0.36500000953674316, 0.4007999897003174, 0.37940001487731934, 0.33239999413490295, 0.3874000012874603, 0.4097999930381775, 0.4198000133037567, 0.5094000101089478, 0.5098000168800354, 0.531000018119812, 0.4697999954223633, 0.4674000144004822, 0.5422000288963318, 0.49559998512268066, 0.5333999991416931, 0.5809999704360962, 0.5906000137329102, 0.5889999866485596, 0.5932000279426575, 0.6075999736785889, 0.6309999823570251, 0.620199978351593, 0.5852000117301941, 0.5992000102996826, 0.625, 0.6150000095367432, 0.6725999712944031, 0.6439999938011169, 0.6718000173568726, 0.6812000274658203, 0.642799973487854, 0.6388000249862671, 0.6700000166893005, 0.6647999882698059, 0.6403999924659729, 0.6895999908447266, 0.6922000050544739, 0.7006000280380249, 0.694599986076355, 0.6913999915122986, 0.699999988079071, 0.6891999840736389, 0.6972000002861023, 0.6970000267028809, 0.7056000232696533, 0.6955999732017517, 0.7125999927520752, 0.7002000212669373, 0.7053999900817871, 0.7084000110626221, 0.7085999846458435, 0.7088000178337097, 0.7075999975204468, 0.7116000056266785, 0.7116000056266785, 0.7124000191688538, 0.7143999934196472, 0.7124000191688538, 0.7116000056266785, 0.7124000191688538, 0.7131999731063843, 0.7098000049591064, 0.7124000191688538, 0.7135999798774719, 0.7134000062942505]","[4.173739910125732, 3.4679105281829834, 3.3754734992980957, 3.3075027465820312, 3.0930793285369873, 2.8925728797912598, 2.71437931060791, 2.892704486846924, 3.4369051456451416, 2.872443675994873, 2.7034237384796143, 2.838423252105713, 2.3387575149536133, 2.2900731563568115, 2.204442262649536, 2.6143882274627686, 2.6432535648345947, 2.2822680473327637, 2.5647623538970947, 2.3728389739990234, 2.119004011154175, 2.0183804035186768, 2.0640058517456055, 2.0780575275421143, 1.9551619291305542, 1.8465654850006104, 1.929564118385315, 2.1539478302001953, 2.0636801719665527, 1.9018038511276245, 1.9044504165649414, 1.7097877264022827, 1.8295091390609741, 1.7320153713226318, 1.6873785257339478, 1.8784619569778442, 1.8951948881149292, 1.7684662342071533, 1.8674867153167725, 1.9810810089111328, 1.6887798309326172, 1.7029800415039062, 1.6583009958267212, 1.7149511575698853, 1.7277029752731323, 1.6960195302963257, 1.7568144798278809, 1.7517123222351074, 1.7395740747451782, 1.7069640159606934, 1.7537715435028076, 1.673305630683899, 1.7430346012115479, 1.7320343255996704, 1.7249988317489624, 1.7208619117736816, 1.7194527387619019, 1.7092257738113403, 1.711958646774292, 1.7217800617218018, 1.724371075630188, 1.7113585472106934, 1.7241390943527222, 1.7179744243621826, 1.7146825790405273, 1.723290205001831, 1.7271443605422974, 1.7329009771347046, 1.7279572486877441, 1.7287101745605469]",0.714399993,,,,1029756928,3196708,,,,,,"[14, 6, 4, 23, 36, 38, 54, 12]",0.841624268,-0.109770644,0.125,0.125,0,1,1,,,,,0,0,,BEST,TRUE,FALSE,,,,,,14,TRUE,TRUE,,38,NONE
BSSXUW[M],63,22,30,15,1,TRUE,TRUE,"[2, 6, 4, 23, 46, 31, 6, 22]",[],"[{'INP': 32}, {'CONV': [64, 3]}, ({'CONV': [32, 3]}, {'CONV': [64, 3]}), ({'CONV': [32, 3]}, {'CONV': [256, 3]}, {'POOLMAX': [-1, 2]}), ({'CONV': [32, 3]}, {'CONV': [128, 3]}), ({'CONV': [64, 3]}, {'CONV': [256, 5]}, {'POOLMAX': [-1, 2]}), ({'CONV': [128, 5]}, {'CONV': [256, 3]}), ({'CONV': [64, 5]}, {'CONV': [256, 5]}, {'POOLMAX': [-1, 2]}), ({'CONV': [32, 3]}, {'CONV': [256, 3]}), ({'CONV': [64, 3]}, {'CONV': [256, 3]}, {'POOLMAX': [-1, 2]}), {'GLOBAL_AVG': None}, {'LAST_DENSE': [100, 'softmax']}]",HHSE,SUCCMUT,GA,70,"[0.08959999680519104, 0.1581999957561493, 0.24480000138282776, 0.2994000017642975, 0.3840000033378601, 0.3953999876976013, 0.40459999442100525, 0.44359999895095825, 0.4359999895095825, 0.40639999508857727, 0.448199987411499, 0.47920000553131104, 0.45239999890327454, 0.5239999890327454, 0.49559998512268066, 0.5242000222206116, 0.5407999753952026, 0.5687999725341797, 0.49939998984336853, 0.5514000058174133, 0.5149999856948853, 0.5608000159263611, 0.5414000153541565, 0.6110000014305115, 0.6079999804496765, 0.6123999953269958, 0.6380000114440918, 0.6037999987602234, 0.5870000123977661, 0.6338000297546387, 0.621999979019165, 0.5992000102996826, 0.6736000180244446, 0.6651999950408936, 0.6290000081062317, 0.6668000221252441, 0.6723999977111816, 0.6832000017166138, 0.6398000121116638, 0.6769999861717224, 0.6782000064849854, 0.6696000099182129, 0.6794000267982483, 0.6984000205993652, 0.6952000260353088, 0.6779999732971191, 0.6926000118255615, 0.7024000287055969, 0.6890000104904175, 0.704800009727478, 0.7081999778747559, 0.7052000164985657, 0.7067999839782715, 0.7026000022888184, 0.7085999846458435, 0.7059999704360962, 0.7139999866485596, 0.7057999968528748, 0.7120000123977661, 0.715399980545044, 0.7125999927520752, 0.7124000191688538, 0.7138000130653381, 0.7107999920845032, 0.7142000198364258, 0.7134000062942505, 0.7143999934196472, 0.7129999995231628, 0.7135999798774719, 0.7135999798774719]","[4.427093505859375, 3.997241497039795, 3.449781656265259, 3.1055748462677, 2.8058860301971436, 2.7316668033599854, 2.6911373138427734, 2.5626087188720703, 2.5822219848632812, 2.7471821308135986, 2.604565143585205, 2.5433545112609863, 2.62020206451416, 2.26330304145813, 2.4764437675476074, 2.339390516281128, 2.2701547145843506, 2.1606104373931885, 2.5140609741210938, 2.223132371902466, 2.525864362716675, 2.265719413757324, 2.3076274394989014, 2.0018272399902344, 1.9835056066513062, 1.9937279224395752, 1.84391188621521, 2.047757148742676, 2.162492036819458, 1.9000403881072998, 1.945871114730835, 2.0799803733825684, 1.7207763195037842, 1.7849500179290771, 1.942428469657898, 1.743698239326477, 1.7206798791885376, 1.6868630647659302, 1.9901201725006104, 1.7243459224700928, 1.710156798362732, 1.7879929542541504, 1.6959115266799927, 1.6566336154937744, 1.6826000213623047, 1.7549160718917847, 1.6929337978363037, 1.664746880531311, 1.7388410568237305, 1.684251308441162, 1.6727726459503174, 1.7098406553268433, 1.722636342048645, 1.7275102138519287, 1.671294093132019, 1.7024338245391846, 1.6856023073196411, 1.7471375465393066, 1.6949331760406494, 1.683593988418579, 1.7040917873382568, 1.7000854015350342, 1.7043784856796265, 1.7010773420333862, 1.699000597000122, 1.7062615156173706, 1.701608419418335, 1.6998207569122314, 1.7023347616195679, 1.7065671682357788]",0.715399981,,,,838113792,3135012,,,,,,"[2, 6, 4, 23, 46, 31, 6, 22]",0.733641056,-0.129368701,0.125,0.5,0,0,0.5,,,,,0,0,,BEST,TRUE,FALSE,,,,,,41,TRUE,TRUE,,38.1,NONE
BLVKME,64,23,30,10,1,TRUE,FALSE,"[3, 39, 16, 38, 36, 38, 6, 22]",[],"[{'INP': 32}, {'CONV': [64, 3]}, ({'CONV': [32, 3]}, {'CONV': [64, 5]}), ({'CONV': [128, 3]}, {'CONV': [256, 5]}, {'POOLMAX': [-1, 2]}), ({'CONV': [64, 3]}, {'CONV': [32, 3]}), ({'CONV': [128, 3]}, {'CONV': [256, 3]}, {'POOLMAX': [-1, 2]}), ({'CONV': [128, 3]}, {'CONV': [128, 3]}), ({'CONV': [128, 3]}, {'CONV': [256, 3]}, {'POOLMAX': [-1, 2]}), ({'CONV': [32, 3]}, {'CONV': [256, 3]}), ({'CONV': [64, 3]}, {'CONV': [256, 3]}, {'POOLMAX': [-1, 2]}), {'GLOBAL_AVG': None}, {'LAST_DENSE': [100, 'softmax']}]",HHSE,SUCCMUT,GA,70,"[0.10580000281333923, 0.17720000445842743, 0.17100000381469727, 0.298799991607666, 0.3587999939918518, 0.376800000667572, 0.40639999508857727, 0.3898000121116638, 0.39079999923706055, 0.4447999894618988, 0.42480000853538513, 0.46619999408721924, 0.4480000138282776, 0.43880000710487366, 0.446399986743927, 0.4927999973297119, 0.46959999203681946, 0.45660001039505005, 0.5511999726295471, 0.5145999789237976, 0.5447999835014343, 0.5231999754905701, 0.5455999970436096, 0.5612000226974487, 0.5206000208854675, 0.49140000343322754, 0.5753999948501587, 0.5418000221252441, 0.4803999960422516, 0.5573999881744385, 0.6015999913215637, 0.605400025844574, 0.5982000231742859, 0.597000002861023, 0.5640000104904175, 0.5892000198364258, 0.6606000065803528, 0.6074000000953674, 0.6556000113487244, 0.6348000168800354, 0.6636000275611877, 0.656000018119812, 0.6290000081062317, 0.6601999998092651, 0.6413999795913696, 0.5946000218391418, 0.6430000066757202, 0.6877999901771545, 0.6823999881744385, 0.6832000017166138, 0.6741999983787537, 0.6880000233650208, 0.6931999921798706, 0.6901999711990356, 0.6674000024795532, 0.6869999766349792, 0.6696000099182129, 0.6790000200271606, 0.6955999732017517, 0.6970000267028809, 0.6967999935150146, 0.6877999901771545, 0.6958000063896179, 0.7013999819755554, 0.7056000232696533, 0.70660001039505, 0.7062000036239624, 0.7045999765396118, 0.7027999758720398, 0.7017999887466431]","[4.278744220733643, 3.7714006900787354, 4.141762733459473, 3.165070056915283, 2.8190362453460693, 2.748150110244751, 2.669501304626465, 2.7938551902770996, 2.847482681274414, 2.597811222076416, 2.7305781841278076, 2.4737963676452637, 2.7066667079925537, 2.7430484294891357, 2.788057565689087, 2.435060977935791, 2.714745044708252, 2.7543601989746094, 2.2442028522491455, 2.4599125385284424, 2.251279354095459, 2.456817388534546, 2.3230342864990234, 2.2044084072113037, 2.459836959838867, 2.7540676593780518, 2.1743621826171875, 2.420492649078369, 2.8650245666503906, 2.310424327850342, 2.0992066860198975, 2.1049771308898926, 2.161848545074463, 2.126476287841797, 2.316861629486084, 2.239955425262451, 1.837431788444519, 2.1225638389587402, 1.9297211170196533, 1.96540367603302, 1.856238842010498, 1.8239500522613525, 1.9945931434631348, 1.8594294786453247, 1.9673527479171753, 2.236462354660034, 1.9317601919174194, 1.7720369100570679, 1.7497718334197998, 1.7846474647521973, 1.8304826021194458, 1.744484543800354, 1.718051791191101, 1.744077205657959, 1.8877252340316772, 1.7230929136276245, 1.8826411962509155, 1.8263822793960571, 1.7201087474822998, 1.7274341583251953, 1.7605558633804321, 1.8235527276992798, 1.7460695505142212, 1.7398648262023926, 1.758894920349121, 1.7324267625808716, 1.7382127046585083, 1.7598308324813843, 1.76240074634552, 1.747010588645935]",0.70660001,,,,2362165760,2823844,,,,,,,0.862107081,-0.043489986,0.5,0.125,0,0,0.333333333,,,,,0,0,,BEST,TRUE,FALSE,,,,,,25,TRUE,TRUE,,38.3,NONE
BTGJKZ[M],65,24,30,6,1,TRUE,TRUE,"[14, 37, 43, 23, 46, 20, 55, 12]",[],"[{'INP': 32}, {'CONV': [64, 3]}, ({'CONV': [32, 5]}, {'CONV': [256, 3]}), ({'CONV': [128, 3]}, {'CONV': [128, 5]}, {'POOLMAX': [-1, 2]}), ({'CONV': [128, 5]}, {'CONV': [64, 5]}), ({'CONV': [64, 3]}, {'CONV': [256, 5]}, {'POOLMAX': [-1, 2]}), ({'CONV': [128, 5]}, {'CONV': [256, 3]}), ({'CONV': [64, 3]}, {'CONV': [128, 3]}, {'POOLMAX': [-1, 2]}), ({'CONV': [256, 3]}, {'CONV': [256, 5]}), ({'CONV': [32, 5]}, {'CONV': [128, 3]}, {'POOLMAX': [-1, 2]}), {'GLOBAL_AVG': None}, {'LAST_DENSE': [100, 'softmax']}]",HHSE,SUCCMUT,GA,70,"[0.1128000020980835, 0.1754000037908554, 0.23759999871253967, 0.2782000005245209, 0.34139999747276306, 0.3165999948978424, 0.35580000281333923, 0.36419999599456787, 0.41839998960494995, 0.38040000200271606, 0.4480000138282776, 0.42160001397132874, 0.48840001225471497, 0.42719998955726624, 0.4551999866962433, 0.42239999771118164, 0.40380001068115234, 0.5016000270843506, 0.4359999895095825, 0.5493999719619751, 0.49900001287460327, 0.5529999732971191, 0.5216000080108643, 0.5478000044822693, 0.5171999931335449, 0.5950000286102295, 0.6159999966621399, 0.623199999332428, 0.6277999877929688, 0.6291999816894531, 0.6176000237464905, 0.6299999952316284, 0.6043999791145325, 0.621399998664856, 0.6150000095367432, 0.6647999882698059, 0.6675999760627747, 0.6783999800682068, 0.6765999794006348, 0.6729999780654907, 0.6751999855041504, 0.6761999726295471, 0.6787999868392944, 0.6761999726295471, 0.6643999814987183, 0.6782000064849854, 0.6624000072479248, 0.6588000059127808, 0.6758000254631042, 0.6728000044822693, 0.6705999970436096, 0.6931999921798706, 0.6844000220298767, 0.6815999746322632, 0.6827999949455261, 0.6866000294685364, 0.6919999718666077, 0.7013999819755554, 0.6972000002861023, 0.699999988079071, 0.699400007724762, 0.6967999935150146, 0.7070000171661377, 0.7063999772071838, 0.7024000287055969, 0.7044000029563904, 0.7075999975204468, 0.7044000029563904, 0.7056000232696533, 0.70660001039505]","[4.05739164352417, 3.77264404296875, 3.4384372234344482, 3.1639506816864014, 2.929600238800049, 3.1556715965270996, 2.9292802810668945, 2.980445623397827, 2.6632778644561768, 3.029245615005493, 2.583908796310425, 2.743098497390747, 2.479405641555786, 2.852477550506592, 2.7029945850372314, 2.953670024871826, 2.9598746299743652, 2.4458088874816895, 2.7864315509796143, 2.2301433086395264, 2.5465304851531982, 2.2757503986358643, 2.4096734523773193, 2.2753987312316895, 2.519144058227539, 2.1286447048187256, 1.9938298463821411, 1.9286842346191406, 1.895125150680542, 1.8750489950180054, 1.943997859954834, 1.8848427534103394, 2.0329627990722656, 1.9514228105545044, 2.0475237369537354, 1.7810382843017578, 1.7517194747924805, 1.714097023010254, 1.7372037172317505, 1.7265781164169312, 1.7167794704437256, 1.712706208229065, 1.7135298252105713, 1.7331935167312622, 1.8044708967208862, 1.710907220840454, 1.8157074451446533, 1.871233582496643, 1.7528765201568604, 1.7677611112594604, 1.80655038356781, 1.6987755298614502, 1.7857776880264282, 1.7895926237106323, 1.8153916597366333, 1.764741063117981, 1.7555503845214844, 1.7201673984527588, 1.7419925928115845, 1.7279646396636963, 1.741187334060669, 1.7559949159622192, 1.7141900062561035, 1.7059155702590942, 1.75191068649292, 1.7215921878814697, 1.708878755569458, 1.72384512424469, 1.716558814048767, 1.729759931564331]",0.707599998,,,,2490771456,5424676,,,,,,"[14, 37, 43, 23, 46, 20, 55, 12]",0.877036021,-0.049701153,0.5,0.25,0,0,0.2,,,,,0,0,,BEST,TRUE,FALSE,,,,,,6,TRUE,TRUE,,38.4,NONE
BGBOQE,67,26,30,30,1,TRUE,FALSE,"[3, 12, 7, 39, 36, 38, 39, 55]",[],"[{'INP': 32}, {'CONV': [64, 3]}, ({'CONV': [32, 3]}, {'CONV': [64, 5]}), ({'CONV': [32, 5]}, {'CONV': [128, 3]}, {'POOLMAX': [-1, 2]}), ({'CONV': [32, 3]}, {'CONV': [256, 5]}), ({'CONV': [128, 3]}, {'CONV': [256, 5]}, {'POOLMAX': [-1, 2]}), ({'CONV': [128, 3]}, {'CONV': [128, 3]}), ({'CONV': [128, 3]}, {'CONV': [256, 3]}, {'POOLMAX': [-1, 2]}), ({'CONV': [128, 3]}, {'CONV': [256, 5]}), ({'CONV': [256, 3]}, {'CONV': [256, 5]}, {'POOLMAX': [-1, 2]}), {'GLOBAL_AVG': None}, {'LAST_DENSE': [100, 'softmax']}]",HHSE,SUCCMUT,GA,70,"[0.12080000340938568, 0.14980000257492065, 0.24120000004768372, 0.28299999237060547, 0.34459999203681946, 0.41179999709129333, 0.3790000081062317, 0.38119998574256897, 0.4465999901294708, 0.4147999882698059, 0.451200008392334, 0.4189999997615814, 0.4203999936580658, 0.5248000025749207, 0.5270000100135803, 0.5153999924659729, 0.5636000037193298, 0.519599974155426, 0.5246000289916992, 0.4758000075817108, 0.5185999870300293, 0.483599990606308, 0.626800000667572, 0.6158000230789185, 0.6101999878883362, 0.628600001335144, 0.6240000128746033, 0.5871999859809875, 0.6119999885559082, 0.640999972820282, 0.6051999926567078, 0.618399977684021, 0.5997999906539917, 0.6123999953269958, 0.6276000142097473, 0.6690000295639038, 0.6686000227928162, 0.6791999936103821, 0.6772000193595886, 0.6579999923706055, 0.6654000282287598, 0.6787999868392944, 0.6908000111579895, 0.6887999773025513, 0.6905999779701233, 0.6855999827384949, 0.6872000098228455, 0.6854000091552734, 0.6976000070571899, 0.6895999908447266, 0.6909999847412109, 0.6972000002861023, 0.6904000043869019, 0.6919999718666077, 0.6912000179290771, 0.6953999996185303, 0.6926000118255615, 0.6998000144958496, 0.6944000124931335, 0.6962000131607056, 0.6991999745368958, 0.6948000192642212, 0.6976000070571899, 0.6949999928474426, 0.6984000205993652, 0.6977999806404114, 0.699400007724762, 0.6985999941825867, 0.6990000009536743, 0.698199987411499]","[4.274059295654297, 4.206748962402344, 3.436818838119507, 3.1719536781311035, 2.916430711746216, 2.608987808227539, 2.821422815322876, 2.8307905197143555, 2.541321277618408, 2.7975196838378906, 2.558067560195923, 2.7829933166503906, 2.8093910217285156, 2.291259288787842, 2.2718892097473145, 2.2986598014831543, 2.116729736328125, 2.3575732707977295, 2.3326303958892822, 2.6796658039093018, 2.3928496837615967, 2.6841487884521484, 1.9360978603363037, 1.9463812112808228, 1.9355676174163818, 1.8778289556503296, 1.8872650861740112, 2.100036144256592, 2.008244037628174, 1.832027554512024, 2.0088744163513184, 1.9663593769073486, 2.0276782512664795, 1.9731818437576294, 1.955642819404602, 1.7151931524276733, 1.747412919998169, 1.7297441959381104, 1.7174876928329468, 1.8670697212219238, 1.8110947608947754, 1.7149217128753662, 1.6533427238464355, 1.6975865364074707, 1.667250394821167, 1.7336682081222534, 1.7464089393615723, 1.7128806114196777, 1.6701529026031494, 1.7279242277145386, 1.7281570434570312, 1.6572954654693604, 1.7370532751083374, 1.7159690856933594, 1.7255353927612305, 1.6984013319015503, 1.697807788848877, 1.7101894617080688, 1.7128314971923828, 1.7018091678619385, 1.7063052654266357, 1.7217316627502441, 1.6992474794387817, 1.7052857875823975, 1.7038275003433228, 1.7150517702102661, 1.7064177989959717, 1.715467929840088, 1.7091753482818604, 1.712283968925476]",0.699800014,,,,1244554240,5778084,,,,,,,0.78446379,-0.132147031,0.125,0.125,0,1,1,,,,,0,0,,BEST,TRUE,FALSE,,,,,,1,TRUE,TRUE,,38.8,NONE
BZHDDD[M],68,27,30,21,1,TRUE,TRUE,"[14, 12, 7, 39, 46, 6, 38, 12]",[],"[{'INP': 32}, {'CONV': [64, 3]}, ({'CONV': [32, 5]}, {'CONV': [256, 3]}), ({'CONV': [32, 5]}, {'CONV': [128, 3]}, {'POOLMAX': [-1, 2]}), ({'CONV': [32, 3]}, {'CONV': [256, 5]}), ({'CONV': [128, 3]}, {'CONV': [256, 5]}, {'POOLMAX': [-1, 2]}), ({'CONV': [128, 5]}, {'CONV': [256, 3]}), ({'CONV': [32, 3]}, {'CONV': [256, 3]}, {'POOLMAX': [-1, 2]}), ({'CONV': [128, 3]}, {'CONV': [256, 3]}), ({'CONV': [32, 5]}, {'CONV': [128, 3]}, {'POOLMAX': [-1, 2]}), {'GLOBAL_AVG': None}, {'LAST_DENSE': [100, 'softmax']}]",HHSE,SUCCMUT,GA,70,"[0.09640000015497208, 0.18019999563694, 0.22840000689029694, 0.17599999904632568, 0.3319999873638153, 0.31139999628067017, 0.3515999913215637, 0.3596000075340271, 0.3546000123023987, 0.42640000581741333, 0.3935999870300293, 0.43459999561309814, 0.45840001106262207, 0.45879998803138733, 0.503000020980835, 0.5216000080108643, 0.4336000084877014, 0.5473999977111816, 0.5238000154495239, 0.5167999863624573, 0.5522000193595886, 0.46619999408721924, 0.46000000834465027, 0.5242000222206116, 0.5472000241279602, 0.5662000179290771, 0.593999981880188, 0.5898000001907349, 0.6159999966621399, 0.6258000135421753, 0.6126000285148621, 0.5997999906539917, 0.6141999959945679, 0.6340000033378601, 0.6601999998092651, 0.6317999958992004, 0.6001999974250793, 0.6215999722480774, 0.6209999918937683, 0.6146000027656555, 0.6650000214576721, 0.6571999788284302, 0.6826000213623047, 0.6725999712944031, 0.6796000003814697, 0.6728000044822693, 0.6557999849319458, 0.676800012588501, 0.6917999982833862, 0.6868000030517578, 0.6866000294685364, 0.6819999814033508, 0.7003999948501587, 0.6863999962806702, 0.7044000029563904, 0.6955999732017517, 0.6973999738693237, 0.7020000219345093, 0.6913999915122986, 0.6948000192642212, 0.7002000212669373, 0.7085999846458435, 0.6952000260353088, 0.703000009059906, 0.7062000036239624, 0.7052000164985657, 0.7071999907493591, 0.704200029373169, 0.7038000226020813, 0.703000009059906]","[4.184353351593018, 3.599313735961914, 3.304917573928833, 4.043551921844482, 2.927438974380493, 3.135181427001953, 3.002978801727295, 2.9881792068481445, 3.0197558403015137, 2.702958345413208, 2.8510828018188477, 2.644493341445923, 2.547977924346924, 2.5566282272338867, 2.331827163696289, 2.297894239425659, 2.7282767295837402, 2.226508140563965, 2.367098808288574, 2.385021209716797, 2.1909897327423096, 2.7442641258239746, 2.8528945446014404, 2.4673168659210205, 2.2705538272857666, 2.2635622024536133, 2.197436809539795, 2.1167707443237305, 1.9929755926132202, 1.9252413511276245, 1.9736535549163818, 2.03961443901062, 1.9894245862960815, 1.9105448722839355, 1.8024526834487915, 1.9087201356887817, 2.162954807281494, 1.9156500101089478, 2.0075318813323975, 2.0206077098846436, 1.7785913944244385, 1.8422157764434814, 1.7203344106674194, 1.8057172298431396, 1.747773289680481, 1.8084152936935425, 1.892758846282959, 1.7737103700637817, 1.6602495908737183, 1.7359740734100342, 1.758650541305542, 1.7819218635559082, 1.6621323823928833, 1.750716209411621, 1.7003635168075562, 1.7318613529205322, 1.6976828575134277, 1.6992781162261963, 1.7283457517623901, 1.7464148998260498, 1.7309242486953735, 1.697031855583191, 1.7290458679199219, 1.7188044786453247, 1.7010256052017212, 1.7081533670425415, 1.7014679908752441, 1.712544560432434, 1.7120496034622192, 1.717971682548523]",0.708599985,,,,1641191424,3839652,,,,,,"[14, 12, 7, 39, 46, 6, 38, 12]",0.762244687,-0.118000126,0.125,0.375,0,0,0.7,,,,,0,0,,BEST,TRUE,FALSE,,,,,,3,TRUE,TRUE,,39.1,NONE
BLXXKB[M],69,28,30,27,1,TRUE,TRUE,"[20, 14, 2, 38, 36, 22, 54, 31]",[],"[{'INP': 32}, {'CONV': [64, 3]}, ({'CONV': [64, 3]}, {'CONV': [128, 3]}), ({'CONV': [32, 5]}, {'CONV': [256, 3]}, {'POOLMAX': [-1, 2]}), ({'CONV': [32, 3]}, {'CONV': [64, 3]}), ({'CONV': [128, 3]}, {'CONV': [256, 3]}, {'POOLMAX': [-1, 2]}), ({'CONV': [128, 3]}, {'CONV': [128, 3]}), ({'CONV': [64, 3]}, {'CONV': [256, 3]}, {'POOLMAX': [-1, 2]}), ({'CONV': [256, 3]}, {'CONV': [256, 3]}), ({'CONV': [64, 5]}, {'CONV': [256, 5]}, {'POOLMAX': [-1, 2]}), {'GLOBAL_AVG': None}, {'LAST_DENSE': [100, 'softmax']}]",HHSE,SUCCMUT,GA,70,"[0.10339999943971634, 0.20100000500679016, 0.225600004196167, 0.3529999852180481, 0.36399999260902405, 0.37560001015663147, 0.4722000062465668, 0.3837999999523163, 0.4453999996185303, 0.4106000065803528, 0.4887999892234802, 0.4442000091075897, 0.4668000042438507, 0.49000000953674316, 0.5271999835968018, 0.5252000093460083, 0.5249999761581421, 0.5170000195503235, 0.5333999991416931, 0.5491999983787537, 0.5763999819755554, 0.5666000247001648, 0.5893999934196472, 0.5436000227928162, 0.5723999738693237, 0.5645999908447266, 0.5541999936103821, 0.5637999773025513, 0.6413999795913696, 0.6323999762535095, 0.6399999856948853, 0.6470000147819519, 0.6083999872207642, 0.6456000208854675, 0.6416000127792358, 0.6128000020980835, 0.6474000215530396, 0.6385999917984009, 0.6233999729156494, 0.6380000114440918, 0.6539999842643738, 0.6650000214576721, 0.6394000053405762, 0.646399974822998, 0.6226000189781189, 0.6480000019073486, 0.6503999829292297, 0.6814000010490417, 0.6790000200271606, 0.6949999928474426, 0.6937999725341797, 0.6827999949455261, 0.6754000186920166, 0.6941999793052673, 0.6741999983787537, 0.7077999711036682, 0.7024000287055969, 0.6952000260353088, 0.701200008392334, 0.699400007724762, 0.7053999900817871, 0.7139999866485596, 0.7095999717712402, 0.7053999900817871, 0.7157999873161316, 0.7103999853134155, 0.7188000082969666, 0.717199981212616, 0.7200000286102295, 0.7185999751091003]","[4.315646648406982, 3.6331796646118164, 3.636587142944336, 2.8217356204986572, 2.8196780681610107, 2.85571551322937, 2.4124035835266113, 2.9540340900421143, 2.587981939315796, 2.771151542663574, 2.379979133605957, 2.697692394256592, 2.5889978408813477, 2.452437400817871, 2.293628215789795, 2.2882697582244873, 2.2904303073883057, 2.536334276199341, 2.3002867698669434, 2.284163475036621, 2.160613775253296, 2.2176120281219482, 2.1429080963134766, 2.358140230178833, 2.2492311000823975, 2.2222907543182373, 2.3801286220550537, 2.230668067932129, 1.9124829769134521, 1.982059359550476, 1.9530696868896484, 1.8580273389816284, 2.093018054962158, 1.935995101928711, 1.9101773500442505, 2.0736160278320312, 1.85257887840271, 1.9380335807800293, 2.012105941772461, 1.9711954593658447, 1.852616786956787, 1.8364832401275635, 1.928244709968567, 1.9437203407287598, 2.1009278297424316, 1.9466966390609741, 1.95405912399292, 1.8073691129684448, 1.8121432065963745, 1.7390259504318237, 1.7689101696014404, 1.800575613975525, 1.9008413553237915, 1.7935680150985718, 1.867151141166687, 1.6811034679412842, 1.7713582515716553, 1.820006012916565, 1.7883802652359009, 1.768702507019043, 1.763782262802124, 1.727558970451355, 1.7813249826431274, 1.7754499912261963, 1.7623984813690186, 1.783326506614685, 1.751346468925476, 1.7691363096237183, 1.7603873014450073, 1.763473391532898]",0.720000029,,,,980664320,3447076,,,,,,"[20, 14, 2, 38, 36, 22, 54, 31]",0.904043962,-0.022498427,0.625,0.125,0,0,0.9,,,,,0,0,,BEST,TRUE,FALSE,,,,,,73,TRUE,TRUE,,39.2,NONE
BFTHRL[M],70,29,30,16,1,TRUE,TRUE,"[14, 22, 14, 38, 22, 22, 55, 12]",[],"[{'INP': 32}, {'CONV': [64, 3]}, ({'CONV': [32, 5]}, {'CONV': [256, 3]}), ({'CONV': [64, 3]}, {'CONV': [256, 3]}, {'POOLMAX': [-1, 2]}), ({'CONV': [32, 5]}, {'CONV': [256, 3]}), ({'CONV': [128, 3]}, {'CONV': [256, 3]}, {'POOLMAX': [-1, 2]}), ({'CONV': [64, 3]}, {'CONV': [256, 3]}), ({'CONV': [64, 3]}, {'CONV': [256, 3]}, {'POOLMAX': [-1, 2]}), ({'CONV': [256, 3]}, {'CONV': [256, 5]}), ({'CONV': [32, 5]}, {'CONV': [128, 3]}, {'POOLMAX': [-1, 2]}), {'GLOBAL_AVG': None}, {'LAST_DENSE': [100, 'softmax']}]",HHSE,SUCCMUT,GA,70,"[0.07760000228881836, 0.1509999930858612, 0.18719999492168427, 0.2587999999523163, 0.3255999982357025, 0.3314000070095062, 0.35760000348091125, 0.39820000529289246, 0.4002000093460083, 0.384799987077713, 0.4277999997138977, 0.42719998955726624, 0.4641999900341034, 0.45579999685287476, 0.48399999737739563, 0.4830000102519989, 0.46160000562667847, 0.44760000705718994, 0.49480000138282776, 0.510200023651123, 0.5339999794960022, 0.4812000095844269, 0.5022000074386597, 0.5293999910354614, 0.5410000085830688, 0.5296000242233276, 0.6327999830245972, 0.5992000102996826, 0.6255999803543091, 0.5992000102996826, 0.6204000115394592, 0.6151999831199646, 0.6173999905586243, 0.6065999865531921, 0.6700000166893005, 0.6589999794960022, 0.6614000201225281, 0.6629999876022339, 0.6764000058174133, 0.6538000106811523, 0.6564000248908997, 0.647599995136261, 0.6610000133514404, 0.6266000270843506, 0.6869999766349792, 0.6773999929428101, 0.6898000240325928, 0.6773999929428101, 0.6949999928474426, 0.6845999956130981, 0.6973999738693237, 0.6930000185966492, 0.692799985408783, 0.6935999989509583, 0.6901999711990356, 0.6913999915122986, 0.6917999982833862, 0.6966000199317932, 0.6934000253677368, 0.6970000267028809, 0.6977999806404114, 0.6955999732017517, 0.6944000124931335, 0.6967999935150146, 0.6970000267028809, 0.694599986076355, 0.698199987411499, 0.6958000063896179, 0.6984000205993652, 0.6977999806404114]","[4.365110874176025, 4.016807556152344, 3.7311363220214844, 3.335627794265747, 3.0192747116088867, 3.04862380027771, 2.9170026779174805, 2.7398223876953125, 2.730686902999878, 2.8518459796905518, 2.7097725868225098, 2.704207420349121, 2.5934152603149414, 2.723423719406128, 2.5087082386016846, 2.473088264465332, 2.856093645095825, 2.7109158039093018, 2.61856746673584, 2.482762336730957, 2.348747491836548, 2.7822189331054688, 2.5756630897521973, 2.408238172531128, 2.396188974380493, 2.42175555229187, 1.9565950632095337, 2.0616555213928223, 1.9360002279281616, 2.084425210952759, 1.98270583152771, 2.0106353759765625, 2.0138070583343506, 2.0709643363952637, 1.7881183624267578, 1.8467344045639038, 1.8034753799438477, 1.809442400932312, 1.762756586074829, 1.9000515937805176, 1.9035357236862183, 1.8991378545761108, 1.8112080097198486, 2.0748178958892822, 1.7089544534683228, 1.8161770105361938, 1.7196277379989624, 1.7563914060592651, 1.7209604978561401, 1.7793517112731934, 1.715695858001709, 1.7395015954971313, 1.7491093873977661, 1.7744648456573486, 1.7733502388000488, 1.7476304769515991, 1.747093915939331, 1.7330517768859863, 1.7585327625274658, 1.7471580505371094, 1.7396855354309082, 1.756463646888733, 1.7548439502716064, 1.7587498426437378, 1.7574961185455322, 1.761490821838379, 1.7463868856430054, 1.7576453685760498, 1.7568763494491577, 1.7490228414535522]",0.698400021,,,,1468471296,4373156,,,,,,"[14, 22, 14, 38, 22, 22, 55, 12]",0.795190487,-0.118474184,0.25,0.25,0,0,0.533333333,,,,,0,0,,BEST,TRUE,FALSE,,,,,,39,TRUE,TRUE,,39.6,NONE
BVWQEF[M],71,30,30,23,1,TRUE,TRUE,"[14, 6, 4, 23, 36, 62, 54, 12]",[],"[{'INP': 32}, {'CONV': [64, 3]}, ({'CONV': [32, 5]}, {'CONV': [256, 3]}), ({'CONV': [32, 3]}, {'CONV': [256, 3]}, {'POOLMAX': [-1, 2]}), ({'CONV': [32, 3]}, {'CONV': [128, 3]}), ({'CONV': [64, 3]}, {'CONV': [256, 5]}, {'POOLMAX': [-1, 2]}), ({'CONV': [128, 3]}, {'CONV': [128, 3]}), ({'CONV': [256, 5]}, {'CONV': [256, 3]}, {'POOLMAX': [-1, 2]}), ({'CONV': [256, 3]}, {'CONV': [256, 3]}), ({'CONV': [32, 5]}, {'CONV': [128, 3]}, {'POOLMAX': [-1, 2]}), {'GLOBAL_AVG': None}, {'LAST_DENSE': [100, 'softmax']}]",HHSE,SUCCMUT,GA,70,"[0.10740000009536743, 0.16019999980926514, 0.23360000550746918, 0.28459998965263367, 0.3165999948978424, 0.3499999940395355, 0.4034000039100647, 0.3619999885559082, 0.37959998846054077, 0.4453999996185303, 0.4731999933719635, 0.4422000050544739, 0.44339999556541443, 0.4758000075817108, 0.5320000052452087, 0.504800021648407, 0.4350000023841858, 0.52920001745224, 0.490200012922287, 0.5217999815940857, 0.5708000063896179, 0.6302000284194946, 0.605400025844574, 0.5934000015258789, 0.6191999912261963, 0.6169999837875366, 0.6161999702453613, 0.6714000105857849, 0.6470000147819519, 0.6692000031471252, 0.6496000289916992, 0.6704000234603882, 0.6657999753952026, 0.6625999808311462, 0.673799991607666, 0.6944000124931335, 0.6796000003814697, 0.6830000281333923, 0.6830000281333923, 0.6944000124931335, 0.6868000030517578, 0.7059999704360962, 0.7008000016212463, 0.7026000022888184, 0.7063999772071838, 0.7002000212669373, 0.7071999907493591, 0.7045999765396118, 0.7059999704360962, 0.7071999907493591, 0.7044000029563904, 0.704800009727478, 0.7098000049591064, 0.7093999981880188, 0.7085999846458435, 0.7063999772071838, 0.7084000110626221, 0.7077999711036682, 0.7089999914169312, 0.7092000246047974, 0.7131999731063843, 0.7092000246047974, 0.7103999853134155, 0.7071999907493591, 0.7103999853134155, 0.7084000110626221, 0.7085999846458435, 0.7084000110626221, 0.7077999711036682, 0.7080000042915344]","[4.049374580383301, 3.7978312969207764, 3.5819895267486572, 3.149057149887085, 3.086221694946289, 2.870507001876831, 2.6533915996551514, 2.9671988487243652, 2.9085168838500977, 2.579832077026367, 2.4224278926849365, 2.67484188079834, 2.6043810844421387, 2.6456007957458496, 2.2644715309143066, 2.396533966064453, 2.9341073036193848, 2.3425421714782715, 2.551464557647705, 2.3759608268737793, 2.1466948986053467, 1.9060750007629395, 2.0024499893188477, 2.0811309814453125, 1.9497792720794678, 1.9277230501174927, 1.9574007987976074, 1.7212646007537842, 1.8473303318023682, 1.708072304725647, 1.8600351810455322, 1.734986662864685, 1.7174054384231567, 1.7978218793869019, 1.7719873189926147, 1.6381957530975342, 1.6988096237182617, 1.748660922050476, 1.7251242399215698, 1.6831761598587036, 1.7251728773117065, 1.6439456939697266, 1.6629271507263184, 1.6678842306137085, 1.6810070276260376, 1.7024672031402588, 1.6786246299743652, 1.688336730003357, 1.6582318544387817, 1.666011095046997, 1.679611086845398, 1.6774730682373047, 1.661513328552246, 1.6735433340072632, 1.6785931587219238, 1.6897789239883423, 1.6763947010040283, 1.679059624671936, 1.6793086528778076, 1.6814950704574585, 1.676149606704712, 1.6821035146713257, 1.6772087812423706, 1.680667757987976, 1.6784380674362183, 1.685875415802002, 1.685291051864624, 1.688082218170166, 1.689825415611267, 1.685226559638977]",0.713199973,,,,1153529856,4163876,,,,,,"[14, 6, 4, 23, 36, 62, 54, 12]",0.840072918,-0.080725369,0.125,0.375,0,0,0.766666667,,,,,0,0,,BEST,TRUE,FALSE,,,,,,5,TRUE,TRUE,,39.6,NONE
