ID,Seed,Execution,Generation,GenCreation,isChild,isMutant,Integer_encoding,Genotype,Crossover_type,Mutation_type,Search_strategy,Epochs,Accuracy_history,Loss_history,Accuracy,Loss,FLOPs,CPU_Sec,Num_Params,P1_idx,P2_idx,P1,P2,Before_Mut,HD_P1,HD_P2,HD_BM,Succ_Crossover,Succ_Mutation,Total_Crossovers,Total_Mutations,Succ_Crossover_ratio,Succ_Mutation_ratio,Was_invalid,arch_status,Penalization,Trained_Completely
SISJP,,1,1,1,FALSE,FALSE,"[1, 1, 0, 1, 2, 1, 1, 2, 1, 2, -1, 1, 1, 1, 0, 1, 3, 0, 5, 2, 0]","[{'INP': 32}, {'CONV': [64, 3]}, {'CONV': [128, 5]}, {'CONV': [128, 5]}, {'POOLMAX': [-1, 3]}, {'CONV': [64, 3]}, {'CONV': [256, 3]}, {'FLATTEN': None}, {'DENSE': [256, 'relu']}, {'DENSE': [10, 'softmax']}]",UC,MPAR,GA,20,"[0.6258999705314636, 0.6790000200271606, 0.6682999730110168, 0.736299991607666, 0.7196999788284302, 0.767300009727478, 0.7663000226020813, 0.7914999723434448, 0.784600019454956, 0.8011000156402588, 0.739799976348877, 0.8194000124931335, 0.8370000123977661, 0.8219000101089478, 0.8120999932289124, 0.8414000272750854, 0.8198999762535095, 0.8213000297546387, 0.8084999918937683, 0.8331999778747559]","[1.0552468299865723, 0.8721781969070435, 0.9732385873794556, 0.7510619759559631, 0.8161641955375671, 0.6709374189376831, 0.6928279995918274, 0.6021876931190491, 0.6215840578079224, 0.5848405361175537, 0.8423367142677307, 0.548514187335968, 0.47003549337387085, 0.5277652144432068, 0.5617769360542297, 0.4731723666191101, 0.536674976348877, 0.5614662766456604, 0.6185807585716248, 0.52101731300354]",0.833199978,,,,,,,,,,-1,-1,-1,2,6,10,10,0.2,0.6,FALSE,BEST,0,TRUE
HTNLS[M],,1,2,2,TRUE,TRUE,"[1, 0, 1, 1, 2, 0, 2, -1, 1, 1, 3, 0, 1, 3, 1, 2, -1, 0, 5, 1, 0]","[{'INP': 32}, {'CONV': [32, 5]}, {'CONV': [128, 3]}, {'POOLMAX': [-1, 3]}, {'CONV': [256, 3]}, {'CONV': [256, 5]}, {'POOLMAX': [-1, 2]}, {'FLATTEN': None}, {'DENSE': [128, 'relu']}, {'DENSE': [10, 'softmax']}]",UC,MPAR,GA,20,"[0.5493000149726868, 0.6589000225067139, 0.6895999908447266, 0.7088000178337097, 0.7044000029563904, 0.7358999848365784, 0.6844000220298767, 0.8047000169754028, 0.7797999978065491, 0.7649000287055969, 0.7455999851226807, 0.7601000070571899, 0.8307999968528748, 0.8152999877929688, 0.8327999711036682, 0.8472999930381775, 0.8331999778747559, 0.8263000249862671, 0.8197000026702881, 0.8352000117301941]","[1.2683489322662354, 0.97210693359375, 0.8999477624893188, 0.8559015393257141, 0.8636497855186462, 0.7606003880500793, 0.9679588675498962, 0.5768898129463196, 0.652175784111023, 0.7131818532943726, 0.8254507780075073, 0.7357822060585022, 0.5029866099357605, 0.5420746803283691, 0.48619863390922546, 0.45430517196655273, 0.4880436658859253, 0.5377547144889832, 0.5428362488746643, 0.476194828748703]",0.835200012,,,,,,,,,"[1, 0, 1, 1, 2, 0, 2, -1, 1, 1, 2, 0, 1, 3, 0, 2, -1, 0, 5, 1, 0]",1,1,2,6,11,20,20,0.3,0.55,FALSE,BEST,0,TRUE
IIOXN[M],,1,5,5,TRUE,TRUE,"[1, 3, 0, 1, 3, 0, 2, -1, 0, 1, 3, 0, 1, 3, 1, 1, 1, 1, 5, 1, 0]","[{'INP': 32}, {'CONV': [256, 3]}, {'CONV': [256, 3]}, {'POOLMAX': [-1, 2]}, {'CONV': [256, 3]}, {'CONV': [256, 5]}, {'CONV': [64, 5]}, {'FLATTEN': None}, {'DENSE': [128, 'relu']}, {'DENSE': [10, 'softmax']}]",UC,MPAR,GA,20,"[0.5770000219345093, 0.5238000154495239, 0.6492999792098999, 0.7436000108718872, 0.7312999963760376, 0.7856000065803528, 0.8014000058174133, 0.7736999988555908, 0.7307999730110168, 0.8202000260353088, 0.7527999877929688, 0.8057000041007996, 0.8233000040054321, 0.848800003528595, 0.8357999920845032, 0.8435999751091003, 0.8586000204086304, 0.824999988079071, 0.8583999872207642, 0.8626000285148621]","[1.2157058715820312, 1.4794025421142578, 1.0619912147521973, 0.7608257532119751, 0.7764685750007629, 0.6181985139846802, 0.5936880111694336, 0.704919159412384, 0.9124462604522705, 0.5534496307373047, 0.8013543486595154, 0.5999742150306702, 0.530799388885498, 0.4459092319011688, 0.4964112937450409, 0.47035321593284607, 0.4143567383289337, 0.5397799015045166, 0.4530043601989746, 0.4428347051143646]",0.862600029,,,,,,,,,"[1, 3, 0, 1, 3, 0, 2, -1, 0, 1, 3, 0, 1, 3, 1, 1, 1, 0, 5, 1, 0]",6,1,1,14,21,50,50,0.28,0.42,FALSE,BEST,0,TRUE
YTJWB,,2,1,1,FALSE,FALSE,"[1, 3, 0, 1, 2, 0, 1, 3, 0, 1, 1, 1, 2, -1, 0, 1, 3, 0, 5, 3, 0]","[{'INP': 32}, {'CONV': [256, 3]}, {'CONV': [128, 3]}, {'CONV': [256, 3]}, {'CONV': [64, 5]}, {'POOLMAX': [-1, 2]}, {'CONV': [256, 3]}, {'FLATTEN': None}, {'DENSE': [512, 'relu']}, {'DENSE': [10, 'softmax']}]",UC,MPAR,GA,20,"[0.5900999903678894, 0.6391000151634216, 0.7064999938011169, 0.6866000294685364, 0.7319999933242798, 0.7455000281333923, 0.7688999772071838, 0.7300000190734863, 0.7935000061988831, 0.7346000075340271, 0.7883999943733215, 0.8270999789237976, 0.8302000164985657, 0.8281000256538391, 0.8036999702453613, 0.816100001335144, 0.8310999870300293, 0.8334000110626221, 0.8237000107765198, 0.863099992275238]","[1.1515551805496216, 1.0492985248565674, 0.826684296131134, 0.9057808518409729, 0.7738532423973083, 0.7735275626182556, 0.6831979751586914, 0.8369719982147217, 0.6062828302383423, 0.8490757942199707, 0.6483699083328247, 0.5127127766609192, 0.49295252561569214, 0.5087856650352478, 0.6142630577087402, 0.5522109270095825, 0.518751859664917, 0.5352966785430908, 0.5227549076080322, 0.41051143407821655]",0.863099992,,,,,,,,,,-1,-1,-1,3,7,10,10,0.3,0.7,FALSE,BEST,0,TRUE
TNERB[M],,2,2,2,TRUE,TRUE,"[1, 2, 1, 1, 0, 0, 1, 2, 1, 2, -1, 1, 1, 2, 1, 1, 3, 0, 5, 3, 0]","[{'INP': 32}, {'CONV': [128, 5]}, {'CONV': [32, 3]}, {'CONV': [128, 5]}, {'POOLMAX': [-1, 3]}, {'CONV': [128, 5]}, {'CONV': [256, 3]}, {'FLATTEN': None}, {'DENSE': [512, 'relu']}, {'DENSE': [10, 'softmax']}]",UC,MPAR,GA,20,"[0.5116000175476074, 0.5806999802589417, 0.6980999708175659, 0.7663999795913696, 0.6816999912261963, 0.7215999960899353, 0.8001999855041504, 0.7287999987602234, 0.802299976348877, 0.8086000084877014, 0.7638999819755554, 0.8174999952316284, 0.838699996471405, 0.8241000175476074, 0.8144999742507935, 0.8483999967575073, 0.8363999724388123, 0.8169000148773193, 0.8292999863624573, 0.8421000242233276]","[1.4764561653137207, 1.293561577796936, 0.8847760558128357, 0.6804457306861877, 1.0161172151565552, 0.8045743703842163, 0.5575655698776245, 0.8937091827392578, 0.6002045273780823, 0.5610992312431335, 0.7472546696662903, 0.5416494011878967, 0.48670458793640137, 0.5241283178329468, 0.5577051043510437, 0.4710288941860199, 0.4897450804710388, 0.5856014490127563, 0.5281941890716553, 0.5107998251914978]",0.842100024,,,,,,,,,"[1, 2, 1, 1, 0, 0, 1, 2, 1, 2, -1, 1, 1, 2, 1, 1, 3, 0, 5, 3, 0]",1,10,0,7,10,20,20,0.35,0.5,FALSE,BEST,0,TRUE
TOJJQ[M],,2,5,5,TRUE,TRUE,"[1, 3, 0, 1, 3, 0, 1, 3, 0, 1, 1, 1, 1, 2, 0, 1, 3, 1, 5, 3, 0]","[{'INP': 32}, {'CONV': [256, 3]}, {'CONV': [256, 3]}, {'CONV': [256, 3]}, {'CONV': [64, 5]}, {'CONV': [128, 3]}, {'CONV': [256, 5]}, {'FLATTEN': None}, {'DENSE': [512, 'relu']}, {'DENSE': [10, 'softmax']}]",UC,MPAR,GA,20,"[0.5964999794960022, 0.515500009059906, 0.695900022983551, 0.7315999865531921, 0.6776000261306763, 0.7839000225067139, 0.6615999937057495, 0.805899977684021, 0.7450000047683716, 0.828499972820282, 0.7605999708175659, 0.7799000144004822, 0.804099977016449, 0.8048999905586243, 0.8337000012397766, 0.8468000292778015, 0.8648999929428101, 0.8463000059127808, 0.85589998960495, 0.857200026512146]","[1.1355417966842651, 1.518723964691162, 0.8548073172569275, 0.7980895638465881, 0.9450790286064148, 0.6218935251235962, 1.0413843393325806, 0.5785971879959106, 0.7791881561279297, 0.5093919634819031, 0.7549386024475098, 0.6812332272529602, 0.6025056838989258, 0.5835329294204712, 0.4946815073490143, 0.4682008922100067, 0.40271300077438354, 0.4872210919857025, 0.45266473293304443, 0.44025883078575134]",0.857200027,,,,,,,,,"[1, 3, 0, 1, 2, 0, 1, 3, 0, 1, 1, 1, 1, 2, 0, 1, 3, 0, 5, 3, 0]",2,10,2,11,17,50,50,0.22,0.34,FALSE,BEST,0,TRUE
LXTIN,,3,1,1,FALSE,FALSE,"[1, 0, 1, 1, 3, 1, 1, 2, 1, 2, -1, 0, 1, 1, 0, 1, 3, 0, 5, 2, 0]","[{'INP': 32}, {'CONV': [32, 5]}, {'CONV': [256, 5]}, {'CONV': [128, 5]}, {'POOLMAX': [-1, 2]}, {'CONV': [64, 3]}, {'CONV': [256, 3]}, {'FLATTEN': None}, {'DENSE': [256, 'relu']}, {'DENSE': [10, 'softmax']}]",UC,MPAR,GA,20,"[0.5217999815940857, 0.621399998664856, 0.6840000152587891, 0.7110999822616577, 0.7505000233650208, 0.7315000295639038, 0.689300000667572, 0.7189000248908997, 0.784500002861023, 0.7364000082015991, 0.8102999925613403, 0.7728999853134155, 0.8058000206947327, 0.817799985408783, 0.8169000148773193, 0.8012999892234802, 0.8208000063896179, 0.8331999778747559, 0.8314999938011169, 0.8188999891281128]","[1.335317611694336, 1.1219369173049927, 0.8971234560012817, 0.8524789810180664, 0.7136440873146057, 0.7990090847015381, 0.9409170746803284, 0.8268463015556335, 0.6287992596626282, 0.8270353674888611, 0.5765568017959595, 0.6932265162467957, 0.5777905583381653, 0.5379611849784851, 0.5353586077690125, 0.598197877407074, 0.5595882534980774, 0.5005735158920288, 0.5179036259651184, 0.5596521496772766]",0.818899989,,,,,,,,,,-1,-1,-1,1,4,10,10,0.1,0.4,FALSE,BEST,0,TRUE
CILFG[M],,3,2,2,TRUE,TRUE,"[1, 1, 1, 1, 3, 1, 1, 2, 0, 1, 3, 1, 2, -1, 1, 1, 3, 0, 5, 3, 0]","[{'INP': 32}, {'CONV': [64, 5]}, {'CONV': [256, 5]}, {'CONV': [128, 3]}, {'CONV': [256, 5]}, {'POOLMAX': [-1, 3]}, {'CONV': [256, 3]}, {'FLATTEN': None}, {'DENSE': [512, 'relu']}, {'DENSE': [10, 'softmax']}]",UC,MPAR,GA,20,"[0.4350999891757965, 0.5593000054359436, 0.588699996471405, 0.51910001039505, 0.6463000178337097, 0.6460999846458435, 0.7178000211715698, 0.7749000191688538, 0.7973999977111816, 0.8004999756813049, 0.8294000029563904, 0.8051000237464905, 0.8212000131607056, 0.8270999789237976, 0.804099977016449, 0.8191999793052673, 0.8345999717712402, 0.8220000267028809, 0.8698999881744385, 0.8525999784469604]","[1.886202096939087, 1.4138283729553223, 1.4539231061935425, 1.8163625001907349, 1.1253571510314941, 1.0704134702682495, 0.9089973568916321, 0.6624220013618469, 0.5867301225662231, 0.577465295791626, 0.5076618194580078, 0.5724647045135498, 0.526366651058197, 0.5498221516609192, 0.6195586919784546, 0.5522545576095581, 0.5107727646827698, 0.5566449165344238, 0.4025421738624573, 0.46988940238952637]",0.852599978,,,,,,,,,"[1, 1, 1, 1, 3, 1, 1, 2, 1, 1, 3, 1, 2, -1, 1, 1, 3, 0, 5, 3, 0]",6,4,1,4,8,20,20,0.2,0.4,FALSE,BEST,0,TRUE
ZBUGY[M],,3,3,3,TRUE,TRUE,"[1, 1, 1, 1, 3, 1, 1, 2, 1, 2, -1, 0, 1, 3, 0, 1, 3, 0, 5, 3, 0]","[{'INP': 32}, {'CONV': [64, 5]}, {'CONV': [256, 5]}, {'CONV': [128, 5]}, {'POOLMAX': [-1, 2]}, {'CONV': [256, 3]}, {'CONV': [256, 3]}, {'FLATTEN': None}, {'DENSE': [512, 'relu']}, {'DENSE': [10, 'softmax']}]",UC,MPAR,GA,20,"[0.54830002784729, 0.6769999861717224, 0.6696000099182129, 0.7354999780654907, 0.7416999936103821, 0.7486000061035156, 0.7516999840736389, 0.8003000020980835, 0.7788000106811523, 0.7950999736785889, 0.7968999743461609, 0.8424000144004822, 0.8152999877929688, 0.8180000185966492, 0.8374000191688538, 0.8147000074386597, 0.8331999778747559, 0.8514000177383423, 0.8432000279426575, 0.8611000180244446]","[1.2823740243911743, 0.9415101408958435, 0.9742814302444458, 0.7575795650482178, 0.7151520252227783, 0.766487717628479, 0.7724748253822327, 0.5791441202163696, 0.6629894375801086, 0.6446961760520935, 0.6348260045051575, 0.45730146765708923, 0.5483629107475281, 0.5652941465377808, 0.4970681667327881, 0.604113757610321, 0.5052693486213684, 0.475551575422287, 0.4901060163974762, 0.41195303201675415]",0.861100018,,,,,,,,,"[1, 1, 1, 1, 3, 1, 1, 2, 1, 2, -1, 1, 1, 3, 0, 1, 3, 0, 5, 3, 0]",1,8,1,7,10,30,30,0.233333333,0.333333333,FALSE,BEST,0,TRUE
UUFWF[M],,3,5,5,TRUE,TRUE,"[1, 0, 0, 1, 0, 0, 1, 3, 1, 1, 1, 0, 1, 3, 0, 1, 3, 1, 5, 3, 0]","[{'INP': 32}, {'CONV': [32, 3]}, {'CONV': [32, 3]}, {'CONV': [256, 5]}, {'CONV': [64, 3]}, {'CONV': [256, 3]}, {'CONV': [256, 5]}, {'FLATTEN': None}, {'DENSE': [512, 'relu']}, {'DENSE': [10, 'softmax']}]",UC,MPAR,GA,20,"[0.517799973487854, 0.5971999764442444, 0.7060999870300293, 0.6599000096321106, 0.7350000143051147, 0.7087000012397766, 0.708899974822998, 0.7892000079154968, 0.739799976348877, 0.7925000190734863, 0.8190000057220459, 0.8043000102043152, 0.7871000170707703, 0.8414999842643738, 0.7678999900817871, 0.8492000102996826, 0.8097000122070312, 0.8382999897003174, 0.8659999966621399, 0.8364999890327454]","[1.4295432567596436, 1.2760322093963623, 0.8666461110115051, 1.024173378944397, 0.768359363079071, 0.9442354440689087, 0.85512775182724, 0.6178482174873352, 0.8258403539657593, 0.6159656643867493, 0.5397395491600037, 0.5955713391304016, 0.6419242024421692, 0.48933935165405273, 0.7341324090957642, 0.4457823634147644, 0.6310932636260986, 0.4874064028263092, 0.4168579578399658, 0.5064184665679932]",0.836499989,,,,,,,,,"[1, 0, 1, 1, 0, 0, 1, 3, 1, 1, 1, 0, 1, 3, 0, 1, 3, 0, 5, 3, 0]",2,5,2,10,17,50,50,0.2,0.34,FALSE,BEST,0,TRUE
MUWRM[M],,4,1,1,TRUE,TRUE,"[1, 0, 0, 1, 3, 0, 1, 2, 1, 1, 3, 0, 1, 3, 1, 1, 1, 1, 5, 2, 0]","[{'INP': 32}, {'CONV': [32, 3]}, {'CONV': [256, 3]}, {'CONV': [128, 5]}, {'CONV': [256, 3]}, {'CONV': [256, 5]}, {'CONV': [64, 5]}, {'FLATTEN': None}, {'DENSE': [256, 'relu']}, {'DENSE': [10, 'softmax']}]",UC,MPAR,GA,20,"[0.5335999727249146, 0.5920000076293945, 0.6829000115394592, 0.630299985408783, 0.7218000292778015, 0.6759999990463257, 0.7239999771118164, 0.7556999921798706, 0.7712000012397766, 0.8080000281333923, 0.819599986076355, 0.8003000020980835, 0.7781999707221985, 0.8323000073432922, 0.8023999929428101, 0.829800009727478, 0.8476999998092651, 0.8460999727249146, 0.8083999752998352, 0.8705000281333923]","[1.336654543876648, 1.1691710948944092, 0.9292944073677063, 1.1720386743545532, 0.8478323221206665, 0.9968397617340088, 0.8252179622650146, 0.7247201800346375, 0.7227722406387329, 0.5866906046867371, 0.514016330242157, 0.6119005084037781, 0.6966121196746826, 0.5043405890464783, 0.6259150505065918, 0.5143777132034302, 0.45660483837127686, 0.4752480983734131, 0.6401892304420471, 0.4030837416648865]",0.870500028,,,,,,,,,"[1, 0, 1, 1, 2, 0, 1, 2, 1, 1, 3, 0, 1, 3, 1, 1, 1, 1, 5, 2, 0]",8,2,2,3,6,10,10,0.3,0.6,FALSE,BEST,0,TRUE
WSUW[M],,4,3,3,TRUE,TRUE,"[1, 0, 0, 1, 3, 1, 1, 2, 0, 2, -1, 0, 1, 3, 1, 1, 3, 1, 5, 2, 0]","[{'INP': 32}, {'CONV': [32, 3]}, {'CONV': [256, 5]}, {'CONV': [128, 3]}, {'POOLMAX': [-1, 2]}, {'CONV': [256, 5]}, {'CONV': [256, 5]}, {'FLATTEN': None}, {'DENSE': [256, 'relu']}, {'DENSE': [10, 'softmax']}]",UC,MPAR,GA,20,"[0.5619999766349792, 0.6220999956130981, 0.6844000220298767, 0.6248000264167786, 0.7408999800682068, 0.7129999995231628, 0.7315999865531921, 0.8033999800682068, 0.7771999835968018, 0.7865999937057495, 0.8032000064849854, 0.8586999773979187, 0.8442999720573425, 0.8328999876976013, 0.8201000094413757, 0.7491999864578247, 0.8307999968528748, 0.8554999828338623, 0.861299991607666, 0.8759999871253967]","[1.3341630697250366, 1.118913173675537, 0.9288173913955688, 1.153152585029602, 0.7873642444610596, 0.8547607660293579, 0.8200430870056152, 0.5800734162330627, 0.6621865034103394, 0.6818991899490356, 0.5680753588676453, 0.4090830981731415, 0.48224321007728577, 0.5054893493652344, 0.5663434863090515, 0.899864673614502, 0.5607183575630188, 0.46739277243614197, 0.4435933232307434, 0.3958471715450287]",0.875999987,,,,,,,,,"[1, 0, 0, 1, 3, 1, 1, 2, 0, 2, -1, 0, 1, 3, 1, 1, 3, 1, 5, 2, 0]",7,3,0,7,10,30,30,0.233333333,0.333333333,FALSE,BEST,0,TRUE
MUEZE[M],,4,4,4,TRUE,TRUE,"[1, 0, 0, 1, 3, 1, 1, 3, 1, 2, -1, 0, 1, 3, 0, 1, 3, 1, 5, 2, 0]","[{'INP': 32}, {'CONV': [32, 3]}, {'CONV': [256, 5]}, {'CONV': [256, 5]}, {'POOLMAX': [-1, 2]}, {'CONV': [256, 3]}, {'CONV': [256, 5]}, {'FLATTEN': None}, {'DENSE': [256, 'relu']}, {'DENSE': [10, 'softmax']}]",UC,MPAR,GA,20,"[0.3734000027179718, 0.5989999771118164, 0.6216999888420105, 0.6862999796867371, 0.7709000110626221, 0.7807000279426575, 0.734499990940094, 0.8026000261306763, 0.7303000092506409, 0.8248000144958496, 0.8025000095367432, 0.8233000040054321, 0.805899977684021, 0.7477999925613403, 0.8342999815940857, 0.8596000075340271, 0.857699990272522, 0.8514000177383423, 0.8693000078201294, 0.8702999949455261]","[2.2183117866516113, 1.1886085271835327, 1.2847905158996582, 0.9030889868736267, 0.6567589044570923, 0.6390302777290344, 0.7728570103645325, 0.5694097876548767, 0.8226932883262634, 0.5285165905952454, 0.5937095284461975, 0.5329692959785461, 0.598480224609375, 0.8332402110099792, 0.5216841101646423, 0.422561377286911, 0.43004730343818665, 0.4750204086303711, 0.39927005767822266, 0.4155348539352417]",0.870299995,,,,,,,,,"[1, 0, 0, 1, 3, 1, 1, 3, 1, 2, -1, 0, 1, 3, 0, 1, 3, 1, 5, 2, 0]",3,1,0,9,12,40,40,0.225,0.3,FALSE,BEST,0,TRUE
YFIXS[M],,4,5,5,TRUE,TRUE,"[1, 0, 0, 1, 3, 1, 1, 2, 1, 2, -1, 0, 1, 3, 1, 1, 3, 1, 5, 3, 0]","[{'INP': 32}, {'CONV': [32, 3]}, {'CONV': [256, 5]}, {'CONV': [128, 5]}, {'POOLMAX': [-1, 2]}, {'CONV': [256, 5]}, {'CONV': [256, 5]}, {'FLATTEN': None}, {'DENSE': [512, 'relu']}, {'DENSE': [10, 'softmax']}]",UC,MPAR,GA,20,"[0.5722000002861023, 0.6129999756813049, 0.7226999998092651, 0.6610000133514404, 0.6776000261306763, 0.6791999936103821, 0.8158000111579895, 0.6851999759674072, 0.7534000277519226, 0.8213000297546387, 0.7519000172615051, 0.8271999955177307, 0.8519999980926514, 0.817300021648407, 0.8342999815940857, 0.843500018119812, 0.8659999966621399, 0.8528000116348267, 0.8572999835014343, 0.8551999926567078]","[1.209951400756836, 1.1368414163589478, 0.792182207107544, 1.046807885169983, 1.1230000257492065, 1.0434463024139404, 0.5347886085510254, 1.0232658386230469, 0.8368477821350098, 0.5150163173675537, 0.8126062154769897, 0.499572217464447, 0.446956604719162, 0.6061899662017822, 0.5054746866226196, 0.5396412014961243, 0.41669800877571106, 0.49435967206954956, 0.48542872071266174, 0.4949096143245697]",0.855199993,,,,,,,,,"[1, 0, 0, 1, 3, 1, 1, 2, 1, 2, -1, 0, 1, 3, 1, 1, 3, 1, 5, 2, 0]",4,2,1,12,15,50,50,0.24,0.3,FALSE,BEST,0,TRUE
MQUTP,,5,1,1,FALSE,FALSE,"[1, 0, 0, 1, 2, 1, 1, 3, 1, 1, 0, 0, 1, 2, 0, 1, 3, 0, 5, 2, 0]","[{'INP': 32}, {'CONV': [32, 3]}, {'CONV': [128, 5]}, {'CONV': [256, 5]}, {'CONV': [32, 3]}, {'CONV': [128, 3]}, {'CONV': [256, 3]}, {'FLATTEN': None}, {'DENSE': [256, 'relu']}, {'DENSE': [10, 'softmax']}]",UC,MPAR,GA,20,"[0.5658000111579895, 0.5756999850273132, 0.5698000192642212, 0.6753000020980835, 0.6320000290870667, 0.6741999983787537, 0.7882999777793884, 0.7580999732017517, 0.765500009059906, 0.7918999791145325, 0.7554000020027161, 0.7318000197410583, 0.8240000009536743, 0.8065999746322632, 0.8212000131607056, 0.8133000135421753, 0.8183000087738037, 0.8116999864578247, 0.8123000264167786, 0.807699978351593]","[1.2414848804473877, 1.2276314496994019, 1.3754825592041016, 0.9439444541931152, 1.0965075492858887, 0.9720141887664795, 0.6314069032669067, 0.7068291306495667, 0.6869624257087708, 0.6209052801132202, 0.7684904932975769, 0.8362568616867065, 0.5368227958679199, 0.5937485694885254, 0.5441413521766663, 0.5660161375999451, 0.5545269250869751, 0.6017138957977295, 0.5975193381309509, 0.6003180146217346]",0.807699978,,,,,,,,,,-1,-1,-1,4,3,10,10,0.4,0.3,FALSE,BEST,0,TRUE
YMSHJ[M],,5,4,4,TRUE,TRUE,"[1, 0, 0, 1, 3, 1, 1, 3, 0, 2, -1, 1, 1, 3, 0, 1, 2, 1, 5, 2, 0]","[{'INP': 32}, {'CONV': [32, 3]}, {'CONV': [256, 5]}, {'CONV': [256, 3]}, {'POOLMAX': [-1, 3]}, {'CONV': [256, 3]}, {'CONV': [128, 5]}, {'FLATTEN': None}, {'DENSE': [256, 'relu']}, {'DENSE': [10, 'softmax']}]",UC,MPAR,GA,20,"[0.45559999346733093, 0.6134999990463257, 0.6912999749183655, 0.746999979019165, 0.7366999983787537, 0.7896000146865845, 0.7613999843597412, 0.785099983215332, 0.8325999975204468, 0.7678999900817871, 0.8180000185966492, 0.8327000141143799, 0.8363000154495239, 0.8352000117301941, 0.8428999781608582, 0.8276000022888184, 0.8267999887466431, 0.8712000250816345, 0.8737999796867371, 0.8237000107765198]","[1.718303918838501, 1.1989035606384277, 0.8924767374992371, 0.7369266748428345, 0.80084627866745, 0.647513210773468, 0.6927788257598877, 0.6540291905403137, 0.48296841979026794, 0.7462736964225769, 0.5533953905105591, 0.5100347399711609, 0.49097687005996704, 0.5092893242835999, 0.48797884583473206, 0.5695512890815735, 0.5787929892539978, 0.3966124653816223, 0.3954172730445862, 0.6125476360321045]",0.823700011,,,,,,,,,"[1, 0, 0, 1, 3, 1, 1, 3, 0, 2, -1, 0, 1, 2, 0, 1, 1, 1, 5, 2, 0]",3,5,3,9,13,40,40,0.225,0.325,FALSE,BEST,0,TRUE
OBRCG,,1,1,1,FALSE,FALSE,"[1, 0, 0, 1, 2, 1, 2, -1, 1, 1, 2, 0, 1, 1, 0, 2, -1, 0, 5, 3, 0]","[{'INP': 32}, {'CONV': [32, 3]}, {'CONV': [128, 5]}, {'POOLMAX': [-1, 3]}, {'CONV': [128, 3]}, {'CONV': [64, 3]}, {'POOLMAX': [-1, 2]}, {'FLATTEN': None}, {'DENSE': [512, 'relu']}, {'DENSE': [10, 'softmax']}]",UC,MPAR,GA,20,"[0.517300009727478, 0.6273999810218811, 0.6628000140190125, 0.6586999893188477, 0.7138000130653381, 0.7343000173568726, 0.715399980545044, 0.8034999966621399, 0.7401999831199646, 0.7833999991416931, 0.7778000235557556, 0.7868000268936157, 0.7620999813079834, 0.819599986076355, 0.8062000274658203, 0.7878999710083008, 0.7894999980926514, 0.7644000053405762, 0.8263000249862671, 0.8069000244140625]","[1.4545222520828247, 1.0840675830841064, 0.9798145294189453, 1.0308305025100708, 0.8494660258293152, 0.7752922177314758, 0.8646724820137024, 0.563533365726471, 0.775658905506134, 0.6166363954544067, 0.659390389919281, 0.6218704581260681, 0.718959629535675, 0.5296525359153748, 0.5699284076690674, 0.640880823135376, 0.634719967842102, 0.725652813911438, 0.4905558228492737, 0.570353627204895]",0.806900024,,,,,,,,,,-1,-1,-1,2,6,10,10,0.2,0.6,FALSE,MEDIAN,0,TRUE
KWPEU,,1,2,1,FALSE,FALSE,"[1, 3, 0, 1, 3, 0, 1, 3, 1, 1, 3, 0, 1, 1, 1, 1, 0, 0, 5, 1, 0]","[{'INP': 32}, {'CONV': [256, 3]}, {'CONV': [256, 3]}, {'CONV': [256, 5]}, {'CONV': [256, 3]}, {'CONV': [64, 5]}, {'CONV': [32, 3]}, {'FLATTEN': None}, {'DENSE': [128, 'relu']}, {'DENSE': [10, 'softmax']}]",UC,MPAR,GA,20,"[0.5232999920845032, 0.4214000105857849, 0.6304000020027161, 0.6230999827384949, 0.715399980545044, 0.6621999740600586, 0.6384000182151794, 0.7871000170707703, 0.7609999775886536, 0.7870000004768372, 0.7799999713897705, 0.7312999963760376, 0.7710000276565552, 0.8104000091552734, 0.7605999708175659, 0.8242999911308289, 0.7556999921798706, 0.7426000237464905, 0.822700023651123, 0.8515999913215637]","[1.3260895013809204, 1.9488328695297241, 1.0536729097366333, 1.1545084714889526, 0.8343124985694885, 1.0293926000595093, 1.2268400192260742, 0.630368709564209, 0.7178232669830322, 0.6126767992973328, 0.7007807493209839, 0.8266109228134155, 0.6631147265434265, 0.5666682124137878, 0.7387421131134033, 0.525655210018158, 0.9024151563644409, 0.8793022632598877, 0.5380820035934448, 0.45226654410362244]",0.851599991,,,,,,,,,,-1,-1,-1,6,11,20,20,0.3,0.55,FALSE,MEDIAN,0,TRUE
BFHNO[M],,1,3,3,TRUE,TRUE,"[1, 2, 0, 1, 1, 0, 1, 3, 1, 1, 2, 1, 2, -1, 0, 1, 1, 1, 5, 2, 0]","[{'INP': 32}, {'CONV': [128, 3]}, {'CONV': [64, 3]}, {'CONV': [256, 5]}, {'CONV': [128, 5]}, {'POOLMAX': [-1, 2]}, {'CONV': [64, 5]}, {'FLATTEN': None}, {'DENSE': [256, 'relu']}, {'DENSE': [10, 'softmax']}]",UC,MPAR,GA,20,"[0.47130000591278076, 0.5608000159263611, 0.6654000282287598, 0.7501999735832214, 0.7014999985694885, 0.7767000198364258, 0.7601000070571899, 0.7802000045776367, 0.7206000089645386, 0.8090999722480774, 0.8184000253677368, 0.7777000069618225, 0.8077999949455261, 0.8188999891281128, 0.8183000087738037, 0.8434000015258789, 0.8264999985694885, 0.8327000141143799, 0.8406000137329102, 0.8234000205993652]","[1.6343437433242798, 1.3801852464675903, 1.0215388536453247, 0.752493143081665, 0.8970831036567688, 0.6722405552864075, 0.7085161209106445, 0.64534991979599, 0.8514407277107239, 0.5536370277404785, 0.5378857851028442, 0.6920362114906311, 0.600100040435791, 0.5481151342391968, 0.5734108686447144, 0.4931274950504303, 0.5445507764816284, 0.5265153646469116, 0.47189125418663025, 0.5937262177467346]",0.823400021,,,,,,,,,"[1, 2, 0, 1, 1, 1, 1, 3, 1, 1, 2, 1, 2, -1, 0, 1, 1, 1, 5, 1, 0]",10,0,2,9,16,30,30,0.3,0.533333333,FALSE,MEDIAN,0,TRUE
LUACF[M],,1,4,4,TRUE,TRUE,"[1, 1, 0, 1, 2, 0, 2, -1, 1, 1, 3, 0, 1, 1, 1, 1, 1, 1, 5, 3, 0]","[{'INP': 32}, {'CONV': [64, 3]}, {'CONV': [128, 3]}, {'POOLMAX': [-1, 3]}, {'CONV': [256, 3]}, {'CONV': [64, 5]}, {'CONV': [64, 5]}, {'FLATTEN': None}, {'DENSE': [512, 'relu']}, {'DENSE': [10, 'softmax']}]",UC,MPAR,GA,20,"[0.5184999704360962, 0.6909999847412109, 0.7282999753952026, 0.7397000193595886, 0.7483000159263611, 0.7523999810218811, 0.8119999766349792, 0.8130999803543091, 0.7835000157356262, 0.8147000074386597, 0.8364999890327454, 0.8274999856948853, 0.8115000128746033, 0.8456000089645386, 0.8496999740600586, 0.8525000214576721, 0.8389999866485596, 0.8206999897956848, 0.8385999798774719, 0.8411999940872192]","[1.4588130712509155, 0.8992980718612671, 0.7861121296882629, 0.8088618516921997, 0.7522401213645935, 0.7523961663246155, 0.560520350933075, 0.555652916431427, 0.6754820346832275, 0.5591422319412231, 0.5003212690353394, 0.5090600848197937, 0.574123740196228, 0.47068119049072266, 0.4487837851047516, 0.4358534812927246, 0.4953642189502716, 0.5743072628974915, 0.4967121481895447, 0.5004059672355652]",0.841199994,,,,,,,,,"[1, 1, 0, 1, 2, 0, 2, -1, 1, 1, 3, 0, 1, 1, 1, 1, 1, 1, 5, 3, 0]",3,7,0,10,20,40,40,0.25,0.5,FALSE,MEDIAN,1,TRUE
JPKHS[M],,1,5,3,FALSE,FALSE,"[1, 3, 0, 1, 3, 0, 2, -1, 0, 1, 3, 0, 1, 1, 1, 1, 1, 0, 5, 1, 0]","[{'INP': 32}, {'CONV': [256, 3]}, {'CONV': [256, 3]}, {'POOLMAX': [-1, 2]}, {'CONV': [256, 3]}, {'CONV': [64, 5]}, {'CONV': [64, 3]}, {'FLATTEN': None}, {'DENSE': [128, 'relu']}, {'DENSE': [10, 'softmax']}]",UC,MPAR,GA,20,"[0.45739999413490295, 0.5997999906539917, 0.6541000008583069, 0.738099992275238, 0.7585999965667725, 0.6991999745368958, 0.7361000180244446, 0.7732999920845032, 0.7853999733924866, 0.7893999814987183, 0.7847999930381775, 0.8069000244140625, 0.8039000034332275, 0.8273000121116638, 0.8046000003814697, 0.8289999961853027, 0.8044000267982483, 0.8616999983787537, 0.849399983882904, 0.8503999710083008]","[1.731881856918335, 1.1557697057724, 1.0152714252471924, 0.7478973865509033, 0.7028408646583557, 0.9643504619598389, 0.7983430624008179, 0.6800018548965454, 0.6216632127761841, 0.6267598271369934, 0.6477028727531433, 0.570892333984375, 0.5849276185035706, 0.5021155476570129, 0.5989600419998169, 0.5294707417488098, 0.6162794828414917, 0.4101153314113617, 0.4620553255081177, 0.44907450675964355]",0.850399971,,,,,,,,,,-1,-1,-1,14,21,50,50,0.28,0.42,FALSE,MEDIAN,1,TRUE
TQYC,,2,1,1,FALSE,FALSE,"[1, 2, 1, 1, 0, 0, 1, 1, 0, 2, -1, 1, 1, 1, 1, 1, 3, 0, 5, 1, 0]","[{'INP': 32}, {'CONV': [128, 5]}, {'CONV': [32, 3]}, {'CONV': [64, 3]}, {'POOLMAX': [-1, 3]}, {'CONV': [64, 5]}, {'CONV': [256, 3]}, {'FLATTEN': None}, {'DENSE': [128, 'relu']}, {'DENSE': [10, 'softmax']}]",UC,MPAR,GA,20,"[0.5117999911308289, 0.5509999990463257, 0.6764000058174133, 0.640500009059906, 0.7114999890327454, 0.7071999907493591, 0.7724000215530396, 0.7493000030517578, 0.7383999824523926, 0.7860999703407288, 0.7688000202178955, 0.7930999994277954, 0.8127999901771545, 0.7937999963760376, 0.8220999836921692, 0.8180999755859375, 0.8246999979019165, 0.8155999779701233, 0.7777000069618225, 0.8379999995231628]","[1.4717605113983154, 1.4056177139282227, 0.9551591873168945, 1.107515573501587, 0.8506699204444885, 0.8298711180686951, 0.6603040099143982, 0.7171659469604492, 0.7646056413650513, 0.6088385581970215, 0.6870248913764954, 0.6045107245445251, 0.5594247579574585, 0.6108754873275757, 0.5196747183799744, 0.5393483638763428, 0.5118661522865295, 0.5610118508338928, 0.7275890111923218, 0.4910384714603424]",0.838,,,,,,,,,,-1,-1,-1,3,7,10,10,0.3,0.7,FALSE,MEDIAN,0,TRUE
FVVJR[M],,2,2,1,FALSE,FALSE,"[1, 0, 0, 1, 1, 0, 1, 2, 1, 1, 1, 1, 1, 2, 1, 1, 1, 1, 5, 2, 0]","[{'INP': 32}, {'CONV': [32, 3]}, {'CONV': [64, 3]}, {'CONV': [128, 5]}, {'CONV': [64, 5]}, {'CONV': [128, 5]}, {'CONV': [64, 5]}, {'FLATTEN': None}, {'DENSE': [256, 'relu']}, {'DENSE': [10, 'softmax']}]",UC,MPAR,GA,20,"[0.46650001406669617, 0.5748000144958496, 0.7199000120162964, 0.6779999732971191, 0.7566999793052673, 0.7229999899864197, 0.77920001745224, 0.7278000116348267, 0.8014000058174133, 0.809499979019165, 0.8130000233650208, 0.821399986743927, 0.8184000253677368, 0.786300003528595, 0.8133999705314636, 0.822700023651123, 0.8453999757766724, 0.8377000093460083, 0.8374999761581421, 0.8640999794006348]","[1.6418193578720093, 1.308996558189392, 0.7956294417381287, 0.9469462633132935, 0.6943238973617554, 0.8688024282455444, 0.6533082723617554, 0.8087981939315796, 0.5784751772880554, 0.5691065788269043, 0.5606018304824829, 0.5246291756629944, 0.5276699662208557, 0.6404443979263306, 0.5558180212974548, 0.5438147187232971, 0.47335854172706604, 0.4867423474788666, 0.4986969828605652, 0.40609005093574524]",0.864099979,,,,,,,,,,-1,-1,-1,7,10,20,20,0.35,0.5,FALSE,MEDIAN,0,TRUE
ASYRX[M],,2,3,3,TRUE,TRUE,"[1, 3, 0, 1, 2, 0, 1, 2, 0, 1, 2, 1, 2, -1, 0, 1, 3, 0, 5, 3, 0]","[{'INP': 32}, {'CONV': [256, 3]}, {'CONV': [128, 3]}, {'CONV': [128, 3]}, {'CONV': [128, 5]}, {'POOLMAX': [-1, 2]}, {'CONV': [256, 3]}, {'FLATTEN': None}, {'DENSE': [512, 'relu']}, {'DENSE': [10, 'softmax']}]",UC,MPAR,GA,20,"[0.5383999943733215, 0.5827000141143799, 0.6625999808311462, 0.5509999990463257, 0.7444999814033508, 0.7235000133514404, 0.7559000253677368, 0.6628000140190125, 0.7576000094413757, 0.7099999785423279, 0.8044000267982483, 0.8134999871253967, 0.805899977684021, 0.8026000261306763, 0.8302000164985657, 0.832099974155426, 0.8511000275611877, 0.8248000144958496, 0.8061000108718872, 0.866599977016449]","[1.3740227222442627, 1.3365106582641602, 1.0339306592941284, 1.8024966716766357, 0.7442768812179565, 0.8592106699943542, 0.7308518886566162, 1.2836302518844604, 0.6874200105667114, 1.0184285640716553, 0.5914083123207092, 0.5473169684410095, 0.592128574848175, 0.6211211681365967, 0.5061033964157104, 0.5255420804023743, 0.44332218170166016, 0.5253260731697083, 0.6494536995887756, 0.39586085081100464]",0.866599977,,,,,,,,,"[1, 3, 0, 1, 2, 0, 1, 2, 0, 1, 2, 1, 2, -1, 0, 1, 3, 0, 5, 3, 0]",0,9,0,8,12,30,30,0.266666667,0.4,FALSE,MEDIAN,0,TRUE
JGKFK[M],,2,4,2,FALSE,FALSE,"[1, 3, 0, 1, 2, 0, 1, 2, 0, 1, 2, 1, 2, -1, 0, 1, 3, 0, 5, 3, 0]","[{'INP': 32}, {'CONV': [256, 3]}, {'CONV': [128, 3]}, {'CONV': [128, 3]}, {'CONV': [128, 5]}, {'POOLMAX': [-1, 2]}, {'CONV': [256, 3]}, {'FLATTEN': None}, {'DENSE': [512, 'relu']}, {'DENSE': [10, 'softmax']}]",UC,MPAR,GA,20,"[0.5562999844551086, 0.5812000036239624, 0.7210000157356262, 0.7208999991416931, 0.689300000667572, 0.7645999789237976, 0.7213000059127808, 0.6726999878883362, 0.7491999864578247, 0.7609999775886536, 0.7871000170707703, 0.8159000277519226, 0.7684000134468079, 0.8547000288963318, 0.8177000284194946, 0.8166000247001648, 0.8389999866485596, 0.8482000231742859, 0.8555999994277954, 0.8513000011444092]","[1.2989094257354736, 1.2748892307281494, 0.7919026017189026, 0.82455974817276, 0.954490065574646, 0.6999315023422241, 0.8578314185142517, 1.1479159593582153, 0.7896692156791687, 0.7147151231765747, 0.633129358291626, 0.5480207800865173, 0.7482140064239502, 0.4398649334907532, 0.5756708383560181, 0.5981857776641846, 0.5002100467681885, 0.47566431760787964, 0.4280766546726227, 0.44835883378982544]",0.851300001,,,,,,,,,,-1,-1,-1,10,13,40,40,0.25,0.325,FALSE,MEDIAN,1,TRUE
BCLVG[M],,2,5,5,TRUE,TRUE,"[1, 2, 0, 1, 3, 1, 1, 2, 1, 1, 2, 1, 2, -1, 0, 1, 2, 1, 5, 3, 0]","[{'INP': 32}, {'CONV': [128, 3]}, {'CONV': [256, 5]}, {'CONV': [128, 5]}, {'CONV': [128, 5]}, {'POOLMAX': [-1, 2]}, {'CONV': [128, 5]}, {'FLATTEN': None}, {'DENSE': [512, 'relu']}, {'DENSE': [10, 'softmax']}]",UC,MPAR,GA,20,"[0.32510000467300415, 0.4747999906539917, 0.6474000215530396, 0.7437999844551086, 0.6923999786376953, 0.7222999930381775, 0.7687000036239624, 0.7914000153541565, 0.8255000114440918, 0.7789999842643738, 0.7706000208854675, 0.8219000101089478, 0.8414000272750854, 0.8220999836921692, 0.8379999995231628, 0.8312000036239624, 0.8217999935150146, 0.8766999840736389, 0.8741000294685364, 0.866599977016449]","[2.5864667892456055, 2.084549903869629, 1.019648551940918, 0.7318989038467407, 0.9893969893455505, 0.8256751894950867, 0.677871823310852, 0.613662600517273, 0.49845224618911743, 0.6459422707557678, 0.740349292755127, 0.5145184993743896, 0.45752549171447754, 0.5755797624588013, 0.484256774187088, 0.5387380719184875, 0.5864480137825012, 0.3788471817970276, 0.3838425874710083, 0.3966773748397827]",0.866599977,,,,,,,,,"[1, 2, 0, 1, 3, 1, 1, 2, 1, 1, 2, 1, 2, -1, 0, 1, 2, 1, 5, 3, 0]",5,4,0,11,17,50,50,0.22,0.34,FALSE,MEDIAN,1,TRUE
KVVPT,,3,1,1,FALSE,FALSE,"[1, 2, 0, 1, 2, 1, 2, -1, 1, 1, 0, 0, 1, 2, 1, 2, -1, 1, 5, 3, 0]","[{'INP': 32}, {'CONV': [128, 3]}, {'CONV': [128, 5]}, {'POOLMAX': [-1, 3]}, {'CONV': [32, 3]}, {'CONV': [128, 5]}, {'POOLMAX': [-1, 3]}, {'FLATTEN': None}, {'DENSE': [512, 'relu']}, {'DENSE': [10, 'softmax']}]",UC,MPAR,GA,20,"[0.42750000953674316, 0.637499988079071, 0.6621999740600586, 0.7013000249862671, 0.7605999708175659, 0.6834999918937683, 0.7706999778747559, 0.7166000008583069, 0.7666000127792358, 0.6485000252723694, 0.7681000232696533, 0.7491999864578247, 0.7649999856948853, 0.7448999881744385, 0.7914000153541565, 0.7907999753952026, 0.8044999837875366, 0.802299976348877, 0.8051000237464905, 0.8127999901771545]","[1.778137445449829, 1.0379911661148071, 1.0124822854995728, 0.8718843460083008, 0.6893473267555237, 0.9593441486358643, 0.661034345626831, 0.8699301481246948, 0.6812883019447327, 1.1130677461624146, 0.6991494297981262, 0.7856212258338928, 0.6954518556594849, 0.7700658440589905, 0.6115334630012512, 0.6110005974769592, 0.5748342871665955, 0.5871798992156982, 0.5836292505264282, 0.5456582307815552]",0.81279999,,,,,,,,,,-1,-1,-1,1,4,10,10,0.1,0.4,FALSE,MEDIAN,0,TRUE
RTUBK,,3,2,1,FALSE,FALSE,"[1, 2, 1, 1, 0, 0, 2, -1, 0, 1, 2, 1, 1, 2, 1, 1, 3, 0, 5, 1, 0]","[{'INP': 32}, {'CONV': [128, 5]}, {'CONV': [32, 3]}, {'POOLMAX': [-1, 2]}, {'CONV': [128, 5]}, {'CONV': [128, 5]}, {'CONV': [256, 3]}, {'FLATTEN': None}, {'DENSE': [128, 'relu']}, {'DENSE': [10, 'softmax']}]",UC,MPAR,GA,20,"[0.3495999872684479, 0.6521999835968018, 0.7085000276565552, 0.7143999934196472, 0.7294999957084656, 0.7620000243186951, 0.7487000226974487, 0.7840999960899353, 0.7574999928474426, 0.8219000101089478, 0.7949000000953674, 0.8245000243186951, 0.8364999890327454, 0.796999990940094, 0.8314999938011169, 0.8334000110626221, 0.8317000269889832, 0.8306999802589417, 0.8260999917984009, 0.8435999751091003]","[2.2701025009155273, 0.9764693379402161, 0.8398299813270569, 0.8372246026992798, 0.7766929864883423, 0.6938080191612244, 0.7142675518989563, 0.6365472674369812, 0.7438164353370667, 0.5168822407722473, 0.6276274919509888, 0.5169068574905396, 0.48313990235328674, 0.6100406050682068, 0.49596336483955383, 0.5204951763153076, 0.4992378354072571, 0.5171595811843872, 0.5441875457763672, 0.48420289158821106]",0.843599975,,,,,,,,,,-1,-1,-1,4,8,20,20,0.2,0.4,FALSE,MEDIAN,0,TRUE
ASPRA,,3,3,1,FALSE,FALSE,"[1, 1, 1, 1, 3, 1, 1, 2, 1, 2, -1, 1, 1, 3, 0, 1, 2, 0, 5, 3, 0]","[{'INP': 32}, {'CONV': [64, 5]}, {'CONV': [256, 5]}, {'CONV': [128, 5]}, {'POOLMAX': [-1, 3]}, {'CONV': [256, 3]}, {'CONV': [128, 3]}, {'FLATTEN': None}, {'DENSE': [512, 'relu']}, {'DENSE': [10, 'softmax']}]",UC,MPAR,GA,20,"[0.5235999822616577, 0.6391000151634216, 0.6696000099182129, 0.6302000284194946, 0.7210000157356262, 0.6958000063896179, 0.7759000062942505, 0.7991999983787537, 0.7894999980926514, 0.7967000007629395, 0.8009999990463257, 0.8165000081062317, 0.8050000071525574, 0.794700026512146, 0.807699978351593, 0.7936999797821045, 0.8276000022888184, 0.8450000286102295, 0.8554999828338623, 0.8607000112533569]","[1.4267507791519165, 1.0506796836853027, 0.9807937741279602, 1.1240915060043335, 0.8149982690811157, 0.9176313281059265, 0.6528878808021545, 0.5739569664001465, 0.6238096952438354, 0.5853712558746338, 0.6369078755378723, 0.5445689558982849, 0.6120297908782959, 0.6680724024772644, 0.6203976273536682, 0.6400863528251648, 0.5302503705024719, 0.46973031759262085, 0.4488663971424103, 0.43045592308044434]",0.860700011,,,,,,,,,,-1,-1,-1,7,10,30,30,0.233333333,0.333333333,FALSE,MEDIAN,0,TRUE
RSKZH[M],,3,5,3,FALSE,FALSE,"[1, 2, 1, 1, 0, 0, 2, -1, 1, 1, 1, 0, 1, 2, 1, 1, 3, 0, 5, 3, 0]","[{'INP': 32}, {'CONV': [128, 5]}, {'CONV': [32, 3]}, {'POOLMAX': [-1, 3]}, {'CONV': [64, 3]}, {'CONV': [128, 5]}, {'CONV': [256, 3]}, {'FLATTEN': None}, {'DENSE': [512, 'relu']}, {'DENSE': [10, 'softmax']}]",UC,MPAR,GA,20,"[0.5037000179290771, 0.65420001745224, 0.6937000155448914, 0.7085999846458435, 0.7746000289916992, 0.659500002861023, 0.7764000296592712, 0.7925000190734863, 0.7626000046730042, 0.7784000039100647, 0.8033999800682068, 0.8064000010490417, 0.781499981880188, 0.8148000240325928, 0.804099977016449, 0.8464999794960022, 0.8417999744415283, 0.8445000052452087, 0.8126000165939331, 0.8306000232696533]","[1.5057287216186523, 1.003166913986206, 0.9003536105155945, 0.8475978374481201, 0.6398214101791382, 1.0400716066360474, 0.6539788842201233, 0.6100500226020813, 0.7046929001808167, 0.6596335172653198, 0.6028636693954468, 0.5718379616737366, 0.6732224822044373, 0.5688237547874451, 0.6004788279533386, 0.4635053277015686, 0.4937193989753723, 0.4704057276248932, 0.5923094153404236, 0.5470466017723083]",0.830600023,,,,,,,,,,-1,-1,-1,10,17,50,50,0.2,0.34,FALSE,MEDIAN,1,TRUE
XWROC,,4,1,1,FALSE,FALSE,"[1, 1, 1, 1, 3, 1, 1, 2, 0, 2, -1, 0, 1, 3, 0, 2, -1, 0, 5, 2, 0]","[{'INP': 32}, {'CONV': [64, 5]}, {'CONV': [256, 5]}, {'CONV': [128, 3]}, {'POOLMAX': [-1, 2]}, {'CONV': [256, 3]}, {'POOLMAX': [-1, 2]}, {'FLATTEN': None}, {'DENSE': [256, 'relu']}, {'DENSE': [10, 'softmax']}]",UC,MPAR,GA,20,"[0.36899998784065247, 0.5918999910354614, 0.6657999753952026, 0.7095999717712402, 0.743399977684021, 0.7343000173568726, 0.6586999893188477, 0.7283999919891357, 0.6962000131607056, 0.7896000146865845, 0.7785999774932861, 0.7386000156402588, 0.7918000221252441, 0.7555999755859375, 0.7764999866485596, 0.7792999744415283, 0.7904999852180481, 0.8253999948501587, 0.816100001335144, 0.8075000047683716]","[1.939096450805664, 1.1425395011901855, 0.9476346969604492, 0.8441662788391113, 0.7401922345161438, 0.7598944306373596, 0.9697033166885376, 0.7955496311187744, 0.8644424676895142, 0.601680338382721, 0.6507259607315063, 0.7426921129226685, 0.6039209365844727, 0.7537243366241455, 0.6561586260795593, 0.6427505612373352, 0.6062300205230713, 0.5111339092254639, 0.5494639277458191, 0.5677286982536316]",0.807500005,,,,,,,,,,-1,-1,-1,3,6,10,10,0.3,0.6,FALSE,MEDIAN,0,TRUE
JMPQR[M],,4,2,1,TRUE,TRUE,"[1, 1, 0, 1, 3, 0, 1, 2, 0, 2, -1, 1, 1, 3, 0, 1, 3, 1, 5, 1, 0]","[{'INP': 32}, {'CONV': [64, 3]}, {'CONV': [256, 3]}, {'CONV': [128, 3]}, {'POOLMAX': [-1, 3]}, {'CONV': [256, 3]}, {'CONV': [256, 5]}, {'FLATTEN': None}, {'DENSE': [128, 'relu']}, {'DENSE': [10, 'softmax']}]",UC,MPAR,GA,20,"[0.5332000255584717, 0.5842999815940857, 0.6984000205993652, 0.7310000061988831, 0.713100016117096, 0.7415000200271606, 0.7918000221252441, 0.786300003528595, 0.8069999814033508, 0.7667999863624573, 0.8180999755859375, 0.7943999767303467, 0.8371000289916992, 0.8323000073432922, 0.8021000027656555, 0.8700000047683716, 0.8722000122070312, 0.8050000071525574, 0.8586000204086304, 0.8452000021934509]","[1.3857983350753784, 1.3623073101043701, 0.8845595717430115, 0.8033491373062134, 0.8641153573989868, 0.744555652141571, 0.6106085777282715, 0.6303872466087341, 0.5644509196281433, 0.7311998605728149, 0.5358194708824158, 0.6551414728164673, 0.49626582860946655, 0.508774995803833, 0.5922325253486633, 0.39536991715431213, 0.38570690155029297, 0.7016222476959229, 0.4421284794807434, 0.5197855234146118]",0.845200002,,,,,,,,,"[1, 1, 0, 1, 3, 1, 1, 2, 0, 2, -1, 1, 1, 3, 0, 1, 3, 1, 5, 1, 0]",3,6,1,4,8,20,20,0.2,0.4,FALSE,MEDIAN,0,TRUE
AFNUQ[M],,4,3,2,FALSE,FALSE,"[1, 1, 0, 1, 3, 1, 1, 3, 0, 2, -1, 0, 1, 1, 0, 1, 1, 1, 5, 3, 0]","[{'INP': 32}, {'CONV': [64, 3]}, {'CONV': [256, 5]}, {'CONV': [256, 3]}, {'POOLMAX': [-1, 2]}, {'CONV': [64, 3]}, {'CONV': [64, 5]}, {'FLATTEN': None}, {'DENSE': [512, 'relu']}, {'DENSE': [10, 'softmax']}]",UC,MPAR,GA,20,"[0.43650001287460327, 0.5626000165939331, 0.6087999939918518, 0.7127000093460083, 0.6258999705314636, 0.7480999827384949, 0.6680999994277954, 0.7767999768257141, 0.7483999729156494, 0.7875999808311462, 0.8095999956130981, 0.8324999809265137, 0.8289999961853027, 0.746999979019165, 0.8129000067710876, 0.8258000016212463, 0.8197000026702881, 0.8395000100135803, 0.7728000283241272, 0.8216000199317932]","[1.855986475944519, 1.3826189041137695, 1.3654773235321045, 0.869549036026001, 1.1794031858444214, 0.7524795532226562, 1.0853713750839233, 0.7123443484306335, 0.7930974364280701, 0.626852810382843, 0.5745296478271484, 0.5023514628410339, 0.5293348431587219, 0.8614366054534912, 0.5768359899520874, 0.5367805361747742, 0.5843067169189453, 0.5046194791793823, 0.7336559295654297, 0.5405760407447815]",0.82160002,,,,,,,,,,-1,-1,-1,7,10,30,30,0.233333333,0.333333333,FALSE,MEDIAN,1,TRUE
DCWLU[M],,4,4,3,TRUE,TRUE,"[1, 0, 0, 1, 0, 0, 1, 2, 1, 1, 3, 0, 1, 3, 0, 1, 1, 1, 5, 2, 0]","[{'INP': 32}, {'CONV': [32, 3]}, {'CONV': [32, 3]}, {'CONV': [128, 5]}, {'CONV': [256, 3]}, {'CONV': [256, 3]}, {'CONV': [64, 5]}, {'FLATTEN': None}, {'DENSE': [256, 'relu']}, {'DENSE': [10, 'softmax']}]",UC,MPAR,GA,20,"[0.5120999813079834, 0.626800000667572, 0.6717000007629395, 0.6791999936103821, 0.7663000226020813, 0.6502000093460083, 0.7953000068664551, 0.805400013923645, 0.7698000073432922, 0.7972999811172485, 0.7218000292778015, 0.7971000075340271, 0.7853999733924866, 0.8256999850273132, 0.7773000001907349, 0.7738999724388123, 0.8334000110626221, 0.8374000191688538, 0.8033999800682068, 0.8453999757766724]","[1.3781906366348267, 1.1131387948989868, 0.964780867099762, 0.9673969745635986, 0.6804832816123962, 1.1381428241729736, 0.5945098400115967, 0.570060133934021, 0.7280279994010925, 0.6050795912742615, 0.8814934492111206, 0.5968868136405945, 0.6837972402572632, 0.5119062662124634, 0.7137276530265808, 0.6876629590988159, 0.5174399614334106, 0.4893065392971039, 0.6085912585258484, 0.4516618251800537]",0.845399976,,,,,,,,,"[1, 0, 0, 1, 3, 0, 1, 2, 1, 1, 3, 0, 1, 3, 0, 1, 1, 1, 5, 2, 0]",1,7,1,9,12,40,40,0.225,0.3,FALSE,MEDIAN,0,TRUE
HFEGU[M],,4,5,3,FALSE,FALSE,"[1, 1, 1, 1, 3, 1, 1, 2, 0, 1, 3, 0, 1, 1, 0, 1, 3, 1, 5, 2, 0]","[{'INP': 32}, {'CONV': [64, 5]}, {'CONV': [256, 5]}, {'CONV': [128, 3]}, {'CONV': [256, 3]}, {'CONV': [64, 3]}, {'CONV': [256, 5]}, {'FLATTEN': None}, {'DENSE': [256, 'relu']}, {'DENSE': [10, 'softmax']}]",UC,MPAR,GA,20,"[0.4002000093460083, 0.5184000134468079, 0.5081999897956848, 0.6244000196456909, 0.6879000067710876, 0.7192000150680542, 0.7736999988555908, 0.7587000131607056, 0.741599977016449, 0.7656999826431274, 0.7907999753952026, 0.7508000135421753, 0.7979999780654907, 0.8198000192642212, 0.8138999938964844, 0.7541999816894531, 0.8416000008583069, 0.8130000233650208, 0.7781000137329102, 0.7836999893188477]","[1.8027480840682983, 1.677882432937622, 1.4893747568130493, 1.2428982257843018, 0.8924500942230225, 0.8100128173828125, 0.6415806412696838, 0.7076596021652222, 0.7807302474975586, 0.7173799276351929, 0.6276500821113586, 0.7757099866867065, 0.59974604845047, 0.5436891317367554, 0.5530191659927368, 0.72757887840271, 0.4737710952758789, 0.5477999448776245, 0.7204481363296509, 0.6455586552619934]",0.783699989,,,,,,,,,,-1,-1,-1,12,15,50,50,0.24,0.3,FALSE,MEDIAN,0,TRUE
GIRZZ[M],,5,1,1,TRUE,TRUE,"[1, 3, 0, 2, -1, 1, 1, 1, 1, 1, 3, 1, 1, 2, 0, 1, 1, 1, 5, 3, 0]","[{'INP': 32}, {'CONV': [256, 3]}, {'POOLMAX': [-1, 3]}, {'CONV': [64, 5]}, {'CONV': [256, 5]}, {'CONV': [128, 3]}, {'CONV': [64, 5]}, {'FLATTEN': None}, {'DENSE': [512, 'relu']}, {'DENSE': [10, 'softmax']}]",UC,MPAR,GA,20,"[0.4657000005245209, 0.6004999876022339, 0.5741000175476074, 0.7200000286102295, 0.7217000126838684, 0.6198999881744385, 0.6797000169754028, 0.6998000144958496, 0.7253999710083008, 0.7804999947547913, 0.7355999946594238, 0.8087999820709229, 0.777400016784668, 0.7781000137329102, 0.7074999809265137, 0.8145999908447266, 0.8069000244140625, 0.804099977016449, 0.833899974822998, 0.8101000189781189]","[1.7677443027496338, 1.217164158821106, 1.269668698310852, 0.8204541802406311, 0.8395667672157288, 1.1622611284255981, 0.9601261019706726, 0.9252912998199463, 0.8818725347518921, 0.6729986667633057, 0.84334397315979, 0.5734397172927856, 0.6694339513778687, 0.6638116240501404, 1.0354667901992798, 0.5751530528068542, 0.5932044982910156, 0.6101906299591064, 0.5214824676513672, 0.602881669998169]",0.810100019,,,,,,,,,"[1, 3, 0, 2, -1, 1, 1, 1, 1, 1, 3, 1, 1, 2, 0, 1, 1, 1, 5, 2, 0]",4,3,1,4,3,10,10,0.4,0.3,FALSE,MEDIAN,0,TRUE
MPAJR[M],,5,2,1,FALSE,FALSE,"[1, 1, 1, 1, 3, 0, 2, -1, 1, 1, 2, 0, 2, -1, 0, 1, 3, 1, 5, 1, 0]","[{'INP': 32}, {'CONV': [64, 5]}, {'CONV': [256, 3]}, {'POOLMAX': [-1, 3]}, {'CONV': [128, 3]}, {'POOLMAX': [-1, 2]}, {'CONV': [256, 5]}, {'FLATTEN': None}, {'DENSE': [128, 'relu']}, {'DENSE': [10, 'softmax']}]",UC,MPAR,GA,20,"[0.5903000235557556, 0.6363000273704529, 0.6935999989509583, 0.6883000135421753, 0.6995999813079834, 0.6949999928474426, 0.7281000018119812, 0.7773000001907349, 0.7978000044822693, 0.7626000046730042, 0.8041999936103821, 0.7973999977111816, 0.8381999731063843, 0.8058000206947327, 0.8130999803543091, 0.8184999823570251, 0.8270000219345093, 0.7878000140190125, 0.8145999908447266, 0.8245999813079834]","[1.1359823942184448, 1.0113731622695923, 0.869469165802002, 0.9000242352485657, 0.8590565323829651, 0.8792641758918762, 0.807214081287384, 0.6234335899353027, 0.5880693197250366, 0.6854385733604431, 0.5714544653892517, 0.5833871960639954, 0.4663906693458557, 0.5866882801055908, 0.5759073495864868, 0.5314183235168457, 0.5159202218055725, 0.6656057834625244, 0.5501729249954224, 0.5197399258613586]",0.824599981,,,,,,,,,,-1,-1,-1,7,6,20,20,0.35,0.3,FALSE,MEDIAN,0,TRUE
VGBCY[M],,5,3,2,TRUE,TRUE,"[1, 2, 0, 1, 3, 1, 1, 3, 0, 2, -1, 0, 1, 2, 1, 1, 1, 1, 5, 1, 0]","[{'INP': 32}, {'CONV': [128, 3]}, {'CONV': [256, 5]}, {'CONV': [256, 3]}, {'POOLMAX': [-1, 2]}, {'CONV': [128, 5]}, {'CONV': [64, 5]}, {'FLATTEN': None}, {'DENSE': [128, 'relu']}, {'DENSE': [10, 'softmax']}]",UC,MPAR,GA,20,"[0.45100000500679016, 0.5770000219345093, 0.5809999704360962, 0.6804999709129333, 0.695900022983551, 0.7444000244140625, 0.710099995136261, 0.7134000062942505, 0.7423999905586243, 0.8026000261306763, 0.7822999954223633, 0.7860000133514404, 0.8166999816894531, 0.796999990940094, 0.8095999956130981, 0.8384000062942505, 0.7796000242233276, 0.8607000112533569, 0.7896000146865845, 0.8307999968528748]","[1.6548417806625366, 1.2816334962844849, 1.1724576950073242, 0.9468890428543091, 0.8560015559196472, 0.7335711121559143, 0.885208010673523, 0.8292768597602844, 0.7607897520065308, 0.5643042325973511, 0.6385581493377686, 0.6297674775123596, 0.5285394191741943, 0.6071288585662842, 0.572982132434845, 0.48105162382125854, 0.6731065511703491, 0.4195258915424347, 0.7212738990783691, 0.545376181602478]",0.830799997,,,,,,,,,"[1, 2, 0, 1, 2, 1, 1, 3, 0, 2, -1, 0, 1, 2, 1, 1, 1, 1, 5, 1, 0]",4,8,1,9,10,30,30,0.3,0.333333333,FALSE,MEDIAN,1,TRUE
PTRIU[M],,5,4,4,TRUE,TRUE,"[1, 0, 0, 1, 2, 1, 1, 3, 0, 1, 0, 0, 1, 2, 0, 1, 3, 0, 5, 2, 0]","[{'INP': 32}, {'CONV': [32, 3]}, {'CONV': [128, 5]}, {'CONV': [256, 3]}, {'CONV': [32, 3]}, {'CONV': [128, 3]}, {'CONV': [256, 3]}, {'FLATTEN': None}, {'DENSE': [256, 'relu']}, {'DENSE': [10, 'softmax']}]",UC,MPAR,GA,20,"[0.47279998660087585, 0.6273000240325928, 0.7149999737739563, 0.652899980545044, 0.6448000073432922, 0.5974000096321106, 0.7032999992370605, 0.7386000156402588, 0.7253999710083008, 0.7285000085830688, 0.7408999800682068, 0.6966000199317932, 0.7720000147819519, 0.788100004196167, 0.8080999851226807, 0.8091999888420105, 0.8203999996185303, 0.8569999933242798, 0.8355000019073486, 0.8398000001907349]","[1.536633849143982, 1.0454764366149902, 0.8237581849098206, 1.0689462423324585, 1.0856115818023682, 1.3203128576278687, 0.8907862305641174, 0.7772959470748901, 0.8410578370094299, 0.8108068704605103, 0.8190372586250305, 0.9026233553886414, 0.706070601940155, 0.6472665071487427, 0.5545067191123962, 0.5810039639472961, 0.5530527234077454, 0.4307065010070801, 0.4980132281780243, 0.4846959114074707]",0.8398,,,,,,,,,"[1, 0, 0, 1, 2, 1, 1, 3, 1, 1, 0, 0, 1, 2, 0, 1, 3, 0, 5, 2, 0]",3,0,1,9,13,40,40,0.225,0.325,FALSE,MEDIAN,1,TRUE
AXSHJ[M],,5,5,5,TRUE,TRUE,"[1, 2, 1, 1, 3, 0, 1, 3, 0, 2, -1, 1, 1, 2, 0, 1, 3, 0, 5, 2, 0]","[{'INP': 32}, {'CONV': [128, 5]}, {'CONV': [256, 3]}, {'CONV': [256, 3]}, {'POOLMAX': [-1, 3]}, {'CONV': [128, 3]}, {'CONV': [256, 3]}, {'FLATTEN': None}, {'DENSE': [256, 'relu']}, {'DENSE': [10, 'softmax']}]",UC,MPAR,GA,20,"[0.6032000184059143, 0.6572999954223633, 0.6687999963760376, 0.6611999869346619, 0.7833999991416931, 0.7870000004768372, 0.7330999970436096, 0.7961999773979187, 0.8008999824523926, 0.795799970626831, 0.8152999877929688, 0.8281999826431274, 0.7773000001907349, 0.8149999976158142, 0.8385999798774719, 0.8478999733924866, 0.8472999930381775, 0.8345999717712402, 0.8680999875068665, 0.8549000024795532]","[1.114972710609436, 1.004104733467102, 0.9513624310493469, 1.023787260055542, 0.6408865451812744, 0.6155664920806885, 0.7798338532447815, 0.5870233774185181, 0.5819292664527893, 0.5984780192375183, 0.5411204099655151, 0.5147731900215149, 0.7228487730026245, 0.5254725813865662, 0.4908847510814667, 0.45439350605010986, 0.45842528343200684, 0.5336198210716248, 0.4019817113876343, 0.4425133764743805]",0.854900002,,,,,,,,,"[1, 2, 1, 1, 3, 0, 1, 3, 1, 2, -1, 1, 1, 2, 0, 1, 3, 0, 5, 2, 0]",0,0,1,10,16,50,50,0.2,0.32,FALSE,MEDIAN,0,TRUE
YSVAP[M],,1,1,1,TRUE,TRUE,"[1, 2, 0, 2, -1, 1, 1, 3, 0, 2, -1, 0, 1, 2, 1, 2, -1, 0, 5, 3, 0]","[{'INP': 32}, {'CONV': [128, 3]}, {'POOLMAX': [-1, 3]}, {'CONV': [256, 3]}, {'POOLMAX': [-1, 2]}, {'CONV': [128, 5]}, {'POOLMAX': [-1, 2]}, {'FLATTEN': None}, {'DENSE': [512, 'relu']}, {'DENSE': [10, 'softmax']}]",UC,MPAR,GA,20,"[0.5060999989509583, 0.5019999742507935, 0.6236000061035156, 0.6366000175476074, 0.67330002784729, 0.6455000042915344, 0.5866000056266785, 0.6665999889373779, 0.6894999742507935, 0.6233999729156494, 0.7569000124931335, 0.7526000142097473, 0.7263000011444092, 0.6190000176429749, 0.7616999745368958, 0.7336999773979187, 0.7767999768257141, 0.7411999702453613, 0.7193999886512756, 0.628600001335144]","[1.3912365436553955, 1.4970500469207764, 1.0811570882797241, 1.023597240447998, 0.966454267501831, 1.0298219919204712, 1.4077626466751099, 0.9673410058021545, 0.92110276222229, 1.223168969154358, 0.6973451375961304, 0.7247691750526428, 0.8114368915557861, 1.2042875289916992, 0.6942912340164185, 0.7603347897529602, 0.6665853261947632, 0.7738921046257019, 0.8367095589637756, 1.250322699546814]",0.628600001,,,,,,,,,"[1, 2, 0, 2, -1, 1, 1, 3, 0, 2, -1, 0, 1, 2, 1, 2, -1, 0, 5, 2, 0]",3,9,1,2,6,10,10,0.2,0.6,FALSE,WORST,0,TRUE
ULJFL[M],,1,2,2,TRUE,TRUE,"[1, 0, 1, 1, 2, 0, 1, 3, 1, 1, 2, 0, 1, 3, 0, 2, -1, 0, 5, 1, 0]","[{'INP': 32}, {'CONV': [32, 5]}, {'CONV': [128, 3]}, {'CONV': [256, 5]}, {'CONV': [128, 3]}, {'CONV': [256, 3]}, {'POOLMAX': [-1, 2]}, {'FLATTEN': None}, {'DENSE': [128, 'relu']}, {'DENSE': [10, 'softmax']}]",UC,MPAR,GA,20,"[0.5239999890327454, 0.6226999759674072, 0.6399000287055969, 0.6690999865531921, 0.7142000198364258, 0.7620999813079834, 0.7670000195503235, 0.6963000297546387, 0.7515000104904175, 0.746999979019165, 0.723800003528595, 0.7962999939918518, 0.7914000153541565, 0.777899980545044, 0.7080000042915344, 0.7897999882698059, 0.7896000146865845, 0.8496999740600586, 0.8127999901771545, 0.8253999948501587]","[1.3728615045547485, 1.0542864799499512, 1.059045672416687, 0.9615134596824646, 0.8267227411270142, 0.6784074902534485, 0.6750871539115906, 0.9951404333114624, 0.7155223488807678, 0.7608149647712708, 0.840147078037262, 0.5911136865615845, 0.6160911917686462, 0.6740112900733948, 0.9721813201904297, 0.6408665776252747, 0.6620857119560242, 0.44651293754577637, 0.541064441204071, 0.5345516800880432]",0.825399995,,,,,,,,,"[1, 0, 1, 1, 2, 0, 1, 3, 1, 1, 2, 0, 1, 3, 0, 2, -1, 0, 5, 1, 0]",4,3,0,6,11,20,20,0.3,0.55,FALSE,WORST,0,TRUE
GUUME[M],,1,3,3,TRUE,TRUE,"[1, 0, 1, 1, 0, 1, 1, 3, 1, 1, 2, 0, 1, 0, 0, 2, -1, 0, 5, 1, 0]","[{'INP': 32}, {'CONV': [32, 5]}, {'CONV': [32, 5]}, {'CONV': [256, 5]}, {'CONV': [128, 3]}, {'CONV': [32, 3]}, {'POOLMAX': [-1, 2]}, {'FLATTEN': None}, {'DENSE': [128, 'relu']}, {'DENSE': [10, 'softmax']}]",UC,MPAR,GA,20,"[0.45879998803138733, 0.5881999731063843, 0.5771999955177307, 0.5947999954223633, 0.608299970626831, 0.6865000128746033, 0.7559999823570251, 0.7336999773979187, 0.7480000257492065, 0.755299985408783, 0.7713000178337097, 0.7662000060081482, 0.7950000166893005, 0.7675999999046326, 0.7896000146865845, 0.8141999840736389, 0.7433000206947327, 0.7545999884605408, 0.7929999828338623, 0.8126999735832214]","[1.6365858316421509, 1.1725956201553345, 1.2500165700912476, 1.1984455585479736, 1.1258552074432373, 0.9428227543830872, 0.7081276774406433, 0.7794811129570007, 0.7286483645439148, 0.7128939032554626, 0.6632300615310669, 0.692858099937439, 0.5910999178886414, 0.7149759531021118, 0.6195286512374878, 0.5450848937034607, 0.8024498820304871, 0.7330048680305481, 0.6285214424133301, 0.5621114373207092]",0.812699974,,,,,,,,,"[1, 0, 1, 1, 3, 1, 1, 3, 1, 1, 2, 0, 1, 3, 0, 2, -1, 0, 5, 1, 0]",2,6,2,9,16,30,30,0.3,0.533333333,FALSE,WORST,0,TRUE
HQMQV[M],,1,4,4,TRUE,TRUE,"[1, 0, 1, 1, 2, 0, 2, -1, 1, 1, 3, 0, 1, 0, 1, 2, -1, 0, 5, 1, 0]","[{'INP': 32}, {'CONV': [32, 5]}, {'CONV': [128, 3]}, {'POOLMAX': [-1, 3]}, {'CONV': [256, 3]}, {'CONV': [32, 5]}, {'POOLMAX': [-1, 2]}, {'FLATTEN': None}, {'DENSE': [128, 'relu']}, {'DENSE': [10, 'softmax']}]",UC,MPAR,GA,20,"[0.5181999802589417, 0.5586000084877014, 0.6517000198364258, 0.6033999919891357, 0.6941999793052673, 0.7146999835968018, 0.6557000279426575, 0.754800021648407, 0.7829999923706055, 0.7470999956130981, 0.7433000206947327, 0.7760000228881836, 0.7660999894142151, 0.7595000267028809, 0.7135000228881836, 0.7947999835014343, 0.8061000108718872, 0.7971000075340271, 0.7598000168800354, 0.8116999864578247]","[1.4241445064544678, 1.1805317401885986, 0.9871160984039307, 1.2134675979614258, 0.8921172022819519, 0.8366946578025818, 0.9758368134498596, 0.710182249546051, 0.6300393342971802, 0.7324985861778259, 0.7503286600112915, 0.6470620036125183, 0.6708866357803345, 0.7110540270805359, 0.856927752494812, 0.60487961769104, 0.5709317922592163, 0.6040951013565063, 0.7371656894683838, 0.5511816143989563]",0.811699986,,,,,,,,,"[1, 0, 1, 1, 2, 0, 2, -1, 1, 1, 3, 0, 1, 3, 1, 2, -1, 0, 5, 1, 0]",2,0,1,10,20,40,40,0.25,0.5,FALSE,WORST,1,TRUE
PWYTS[M],,1,5,5,TRUE,TRUE,"[1, 1, 1, 1, 0, 0, 2, -1, 0, 1, 3, 1, 1, 3, 1, 2, -1, 1, 5, 2, 0]","[{'INP': 32}, {'CONV': [64, 5]}, {'CONV': [32, 3]}, {'POOLMAX': [-1, 2]}, {'CONV': [256, 5]}, {'CONV': [256, 5]}, {'POOLMAX': [-1, 3]}, {'FLATTEN': None}, {'DENSE': [256, 'relu']}, {'DENSE': [10, 'softmax']}]",UC,MPAR,GA,20,"[0.5626999735832214, 0.6832000017166138, 0.6376000046730042, 0.6402000188827515, 0.7497000098228455, 0.7484999895095825, 0.756600022315979, 0.772599995136261, 0.7739999890327454, 0.7924000024795532, 0.7892000079154968, 0.786300003528595, 0.8008000254631042, 0.7616000175476074, 0.8154000043869019, 0.7994999885559082, 0.8374000191688538, 0.8385000228881836, 0.7914000153541565, 0.8485000133514404]","[1.265957236289978, 0.9233313202857971, 1.0934847593307495, 1.0697476863861084, 0.6935691237449646, 0.7488299608230591, 0.7301202416419983, 0.6586930751800537, 0.6824985146522522, 0.6229255199432373, 0.5975439548492432, 0.6304237842559814, 0.6066358089447021, 0.74410480260849, 0.5573402643203735, 0.6165883541107178, 0.47732511162757874, 0.48486942052841187, 0.6619364023208618, 0.45630913972854614]",0.848500013,,,,,,,,,"[1, 0, 1, 1, 3, 0, 2, -1, 0, 1, 3, 1, 1, 3, 1, 2, -1, 0, 5, 2, 0]",4,2,3,14,21,50,50,0.28,0.42,FALSE,WORST,1,TRUE
VLRRE,,2,1,1,FALSE,FALSE,"[1, 0, 0, 2, -1, 1, 1, 1, 1, 1, 0, 0, 2, -1, 1, 1, 0, 0, 5, 2, 0]","[{'INP': 32}, {'CONV': [32, 3]}, {'POOLMAX': [-1, 3]}, {'CONV': [64, 5]}, {'CONV': [32, 3]}, {'POOLMAX': [-1, 3]}, {'CONV': [32, 3]}, {'FLATTEN': None}, {'DENSE': [256, 'relu']}, {'DENSE': [10, 'softmax']}]",UC,MPAR,GA,20,"[0.4821000099182129, 0.5304999947547913, 0.5699999928474426, 0.536300003528595, 0.5504000186920166, 0.37790000438690186, 0.6340000033378601, 0.6793000102043152, 0.6574000120162964, 0.6460000276565552, 0.6603000164031982, 0.6485999822616577, 0.49129998683929443, 0.6941999793052673, 0.6757000088691711, 0.7149999737739563, 0.7325999736785889, 0.6801999807357788, 0.6413999795913696, 0.6855999827384949]","[1.4616435766220093, 1.261191964149475, 1.2122740745544434, 1.353622317314148, 1.3016020059585571, 2.033550500869751, 1.0279979705810547, 0.8964926600456238, 0.9671751856803894, 1.03001070022583, 0.9666416049003601, 1.0211955308914185, 1.74946928024292, 0.8737228512763977, 0.9428886771202087, 0.8064513206481934, 0.7676853537559509, 0.9344304800033569, 1.1030962467193604, 0.9277094602584839]",0.685599983,,,,,,,,,,-1,-1,-1,3,7,10,10,0.3,0.7,FALSE,WORST,0,TRUE
QZOIM[M],,2,3,3,TRUE,TRUE,"[1, 2, 0, 1, 3, 0, 1, 3, 0, 1, 2, 0, 2, -1, 0, 1, 3, 0, 5, 2, 0]","[{'INP': 32}, {'CONV': [128, 3]}, {'CONV': [256, 3]}, {'CONV': [256, 3]}, {'CONV': [128, 3]}, {'POOLMAX': [-1, 2]}, {'CONV': [256, 3]}, {'FLATTEN': None}, {'DENSE': [256, 'relu']}, {'DENSE': [10, 'softmax']}]",UC,MPAR,GA,20,"[0.4966999888420105, 0.6230000257492065, 0.6712999939918518, 0.6241999864578247, 0.6909000277519226, 0.7523999810218811, 0.7368999719619751, 0.7660999894142151, 0.6977999806404114, 0.7706999778747559, 0.7634999752044678, 0.7608000040054321, 0.7739999890327454, 0.815500020980835, 0.8205000162124634, 0.8004000186920166, 0.8400999903678894, 0.7677000164985657, 0.8276000022888184, 0.8234999775886536]","[1.6749845743179321, 1.092090129852295, 0.9701374769210815, 1.1798055171966553, 0.9394732713699341, 0.6953323483467102, 0.7673935294151306, 0.6760231852531433, 0.9295250177383423, 0.715390682220459, 0.7216155529022217, 0.7185378670692444, 0.7131507396697998, 0.5577787756919861, 0.5406310558319092, 0.6491546630859375, 0.490979939699173, 0.7586351633071899, 0.5129612684249878, 0.5320901870727539]",0.823499978,,,,,,,,,"[1, 2, 0, 1, 3, 0, 1, 3, 0, 1, 2, 1, 2, -1, 0, 1, 3, 0, 5, 2, 0]",4,2,1,8,12,30,30,0.266666667,0.4,FALSE,WORST,0,TRUE
NHSOG[M],,2,4,4,TRUE,TRUE,"[1, 3, 1, 1, 2, 0, 1, 2, 1, 1, 2, 1, 2, -1, 0, 1, 0, 0, 5, 3, 0]","[{'INP': 32}, {'CONV': [256, 5]}, {'CONV': [128, 3]}, {'CONV': [128, 5]}, {'CONV': [128, 5]}, {'POOLMAX': [-1, 2]}, {'CONV': [32, 3]}, {'FLATTEN': None}, {'DENSE': [512, 'relu']}, {'DENSE': [10, 'softmax']}]",UC,MPAR,GA,20,"[0.47029998898506165, 0.6026999950408936, 0.6223999857902527, 0.6205999851226807, 0.763700008392334, 0.7333999872207642, 0.7287999987602234, 0.7752000093460083, 0.7857000231742859, 0.7315000295639038, 0.7598000168800354, 0.7815999984741211, 0.7947999835014343, 0.8330000042915344, 0.8206999897956848, 0.8406999707221985, 0.8145999908447266, 0.8208000063896179, 0.8238999843597412, 0.8319000005722046]","[1.5711889266967773, 1.2041000127792358, 1.161571979522705, 1.165790319442749, 0.6876576542854309, 0.7794966697692871, 0.8044325709342957, 0.6709069013595581, 0.6275615692138672, 0.8141241669654846, 0.7513777017593384, 0.6216338276863098, 0.6297768950462341, 0.4864756464958191, 0.5519211888313293, 0.46513831615448, 0.5612474679946899, 0.5332380533218384, 0.535308837890625, 0.5265686511993408]",0.831900001,,,,,,,,,"[1, 2, 1, 1, 2, 0, 1, 2, 1, 1, 2, 1, 2, -1, 0, 1, 3, 0, 5, 3, 0]",3,1,2,10,13,40,40,0.25,0.325,FALSE,WORST,1,TRUE
KJJBB[M],,2,5,5,TRUE,TRUE,"[1, 2, 0, 1, 1, 1, 1, 0, 0, 2, -1, 1, 1, 2, 1, 1, 0, 0, 5, 3, 0]","[{'INP': 32}, {'CONV': [128, 3]}, {'CONV': [64, 5]}, {'CONV': [32, 3]}, {'POOLMAX': [-1, 3]}, {'CONV': [128, 5]}, {'CONV': [32, 3]}, {'FLATTEN': None}, {'DENSE': [512, 'relu']}, {'DENSE': [10, 'softmax']}]",UC,MPAR,GA,20,"[0.5045999884605408, 0.5928999781608582, 0.7057999968528748, 0.6861000061035156, 0.6344000101089478, 0.6503000259399414, 0.6801000237464905, 0.7713000178337097, 0.7687000036239624, 0.7127000093460083, 0.803600013256073, 0.7554000020027161, 0.7558000087738037, 0.6844000220298767, 0.7914999723434448, 0.8097000122070312, 0.7971000075340271, 0.8176000118255615, 0.767799973487854, 0.7773000001907349]","[1.4372280836105347, 1.269463062286377, 0.856559157371521, 0.9121913909912109, 1.1466100215911865, 1.2679179906845093, 0.9458936452865601, 0.6645140647888184, 0.6663496494293213, 0.8639237284660339, 0.579490065574646, 0.7263638377189636, 0.7422803044319153, 1.03852117061615, 0.634524405002594, 0.5823846459388733, 0.6349256634712219, 0.5388633012771606, 0.8015522956848145, 0.6898893117904663]",0.7773,,,,,,,,,"[1, 2, 0, 1, 1, 1, 1, 3, 0, 2, -1, 1, 1, 2, 1, 1, 3, 0, 5, 3, 0]",3,8,2,11,17,50,50,0.22,0.34,FALSE,WORST,1,TRUE
ZHMYS,,3,1,1,FALSE,FALSE,"[1, 3, 0, 2, -1, 0, 1, 3, 1, 1, 0, 0, 2, -1, 1, 1, 2, 1, 5, 3, 0]","[{'INP': 32}, {'CONV': [256, 3]}, {'POOLMAX': [-1, 2]}, {'CONV': [256, 5]}, {'CONV': [32, 3]}, {'POOLMAX': [-1, 3]}, {'CONV': [128, 5]}, {'FLATTEN': None}, {'DENSE': [512, 'relu']}, {'DENSE': [10, 'softmax']}]",UC,MPAR,GA,20,"[0.4392000138759613, 0.6531000137329102, 0.6711999773979187, 0.6157000064849854, 0.6588000059127808, 0.7287999987602234, 0.6865000128746033, 0.5871000289916992, 0.6365000009536743, 0.6686999797821045, 0.7648000121116638, 0.6743999719619751, 0.805400013923645, 0.7458999752998352, 0.779699981212616, 0.6991000175476074, 0.7732999920845032, 0.7907999753952026, 0.741599977016449, 0.7317000031471252]","[1.7024922370910645, 1.0057402849197388, 0.9221922755241394, 1.1281359195709229, 0.9855123162269592, 0.7932587265968323, 0.9544672966003418, 1.310211181640625, 1.1659514904022217, 1.017837643623352, 0.6794297099113464, 1.0318167209625244, 0.5664247274398804, 0.7724848985671997, 0.6488143801689148, 0.9611083269119263, 0.6734164357185364, 0.6282509565353394, 0.8063412308692932, 0.8630127906799316]",0.731700003,,,,,,,,,,-1,-1,-1,1,4,10,10,0.1,0.4,FALSE,WORST,0,TRUE
GKNJC[M],,3,2,2,TRUE,TRUE,"[1, 0, 1, 1, 1, 1, 1, 2, 1, 2, -1, 0, 1, 1, 0, 2, -1, 0, 5, 2, 0]","[{'INP': 32}, {'CONV': [32, 5]}, {'CONV': [64, 5]}, {'CONV': [128, 5]}, {'POOLMAX': [-1, 2]}, {'CONV': [64, 3]}, {'POOLMAX': [-1, 2]}, {'FLATTEN': None}, {'DENSE': [256, 'relu']}, {'DENSE': [10, 'softmax']}]",UC,MPAR,GA,20,"[0.4260999858379364, 0.6078000068664551, 0.635200023651123, 0.6067000031471252, 0.7010999917984009, 0.6578999757766724, 0.7027000188827515, 0.7210999727249146, 0.7111999988555908, 0.7002999782562256, 0.7325000166893005, 0.746999979019165, 0.7317000031471252, 0.7547000050544739, 0.7544999718666077, 0.7402999997138977, 0.7495999932289124, 0.7099999785423279, 0.8015999794006348, 0.7847999930381775]","[1.5749682188034058, 1.1040852069854736, 1.036376714706421, 1.1889369487762451, 0.8430284261703491, 0.9587674736976624, 0.8531551957130432, 0.8058640360832214, 0.8485350608825684, 0.8926330208778381, 0.813133180141449, 0.7338414788246155, 0.8002567291259766, 0.7091357111930847, 0.7314786911010742, 0.7528901696205139, 0.7563783526420593, 0.8968247175216675, 0.5660950541496277, 0.6438076496124268]",0.784799993,,,,,,,,,"[1, 0, 1, 1, 1, 1, 1, 2, 1, 2, -1, 0, 1, 1, 0, 2, -1, 0, 5, 2, 0]",6,3,0,4,8,20,20,0.2,0.4,FALSE,WORST,0,TRUE
VABLP[M],,3,3,3,TRUE,TRUE,"[1, 1, 1, 1, 3, 1, 1, 2, 1, 1, 0, 0, 2, -1, 1, 1, 0, 0, 5, 3, 0]","[{'INP': 32}, {'CONV': [64, 5]}, {'CONV': [256, 5]}, {'CONV': [128, 5]}, {'CONV': [32, 3]}, {'POOLMAX': [-1, 3]}, {'CONV': [32, 3]}, {'FLATTEN': None}, {'DENSE': [512, 'relu']}, {'DENSE': [10, 'softmax']}]",UC,MPAR,GA,20,"[0.5512999892234802, 0.5957000255584717, 0.6212999820709229, 0.6583999991416931, 0.7085999846458435, 0.7411999702453613, 0.7322999835014343, 0.7085000276565552, 0.7598999738693237, 0.79339998960495, 0.6736999750137329, 0.7742999792098999, 0.7644000053405762, 0.8015999794006348, 0.755299985408783, 0.7699999809265137, 0.7973999977111816, 0.8093000054359436, 0.7785999774932861, 0.7842000126838684]","[1.2308156490325928, 1.1802411079406738, 1.1020718812942505, 0.9646185636520386, 0.8380197286605835, 0.736815333366394, 0.7636803984642029, 0.8483862280845642, 0.7166048884391785, 0.6011497974395752, 1.0520787239074707, 0.6553626656532288, 0.7069551944732666, 0.5733738541603088, 0.7316821217536926, 0.6880167722702026, 0.6042110919952393, 0.5514088273048401, 0.670870304107666, 0.6384106278419495]",0.784200013,,,,,,,,,"[1, 0, 1, 1, 3, 1, 1, 2, 1, 1, 0, 0, 2, -1, 1, 1, 3, 0, 5, 3, 0]",8,1,2,7,10,30,30,0.233333333,0.333333333,FALSE,WORST,0,TRUE
YTQVK[M],,3,4,4,TRUE,TRUE,"[1, 2, 0, 1, 0, 0, 2, -1, 1, 1, 0, 0, 1, 2, 1, 2, -1, 0, 5, 3, 0]","[{'INP': 32}, {'CONV': [128, 3]}, {'CONV': [32, 3]}, {'POOLMAX': [-1, 3]}, {'CONV': [32, 3]}, {'CONV': [128, 5]}, {'POOLMAX': [-1, 2]}, {'FLATTEN': None}, {'DENSE': [512, 'relu']}, {'DENSE': [10, 'softmax']}]",UC,MPAR,GA,20,"[0.5389999747276306, 0.607699990272522, 0.6194999814033508, 0.7059000134468079, 0.6689000129699707, 0.717199981212616, 0.7228999733924866, 0.7243000268936157, 0.7634999752044678, 0.7433000206947327, 0.7782999873161316, 0.7516000270843506, 0.785099983215332, 0.8011000156402588, 0.7728000283241272, 0.7976999878883362, 0.7906000018119812, 0.7893999814987183, 0.8141000270843506, 0.8040000200271606]","[1.3757716417312622, 1.1553795337677002, 1.0960888862609863, 0.8562895655632019, 0.992310643196106, 0.8286723494529724, 0.7930796146392822, 0.8065816760063171, 0.6820489764213562, 0.754974365234375, 0.6403127312660217, 0.7556983828544617, 0.6243675947189331, 0.5854403972625732, 0.6868084669113159, 0.5928909778594971, 0.6155077219009399, 0.6445369720458984, 0.5459323525428772, 0.5843473672866821]",0.80400002,,,,,,,,,"[1, 2, 0, 1, 0, 0, 2, -1, 1, 1, 0, 0, 1, 2, 1, 2, -1, 1, 5, 3, 0]",4,5,1,8,13,40,40,0.2,0.325,FALSE,WORST,0,TRUE
WDVGV[M],,3,5,5,TRUE,TRUE,"[1, 0, 1, 1, 3, 0, 1, 2, 0, 1, 1, 0, 2, -1, 1, 1, 2, 0, 5, 3, 0]","[{'INP': 32}, {'CONV': [32, 5]}, {'CONV': [256, 3]}, {'CONV': [128, 3]}, {'CONV': [64, 3]}, {'POOLMAX': [-1, 3]}, {'CONV': [128, 3]}, {'FLATTEN': None}, {'DENSE': [512, 'relu']}, {'DENSE': [10, 'softmax']}]",UC,MPAR,GA,20,"[0.6017000079154968, 0.676800012588501, 0.621399998664856, 0.7279999852180481, 0.7106000185012817, 0.7264000177383423, 0.7304999828338623, 0.7609999775886536, 0.7411999702453613, 0.7257999777793884, 0.7810999751091003, 0.8359000086784363, 0.8180999755859375, 0.7457000017166138, 0.7967000007629395, 0.829800009727478, 0.8203999996185303, 0.848800003528595, 0.7684999704360962, 0.8219000101089478]","[1.119330883026123, 0.9031208157539368, 1.2091199159622192, 0.7932071089744568, 0.8333730697631836, 0.8017282485961914, 0.7789877653121948, 0.684929370880127, 0.7990335822105408, 0.8835933804512024, 0.6577651500701904, 0.47519633173942566, 0.5486553907394409, 0.7960858941078186, 0.6061787009239197, 0.5186288952827454, 0.5437408685684204, 0.4527866840362549, 0.7478660941123962, 0.554585337638855]",0.82190001,,,,,,,,,"[1, 0, 1, 1, 3, 1, 1, 2, 0, 1, 1, 0, 2, -1, 1, 1, 2, 0, 5, 3, 0]",6,4,1,10,17,50,50,0.2,0.34,FALSE,WORST,1,TRUE
ZKYVE,,4,1,1,FALSE,FALSE,"[1, 1, 0, 1, 3, 1, 1, 0, 1, 2, -1, 1, 1, 0, 0, 2, -1, 1, 5, 1, 0]","[{'INP': 32}, {'CONV': [64, 3]}, {'CONV': [256, 5]}, {'CONV': [32, 5]}, {'POOLMAX': [-1, 3]}, {'CONV': [32, 3]}, {'POOLMAX': [-1, 3]}, {'FLATTEN': None}, {'DENSE': [128, 'relu']}, {'DENSE': [10, 'softmax']}]",UC,MPAR,GA,20,"[0.3228999972343445, 0.40299999713897705, 0.5284000039100647, 0.6151999831199646, 0.45680001378059387, 0.6308000087738037, 0.6700999736785889, 0.6021999716758728, 0.704800009727478, 0.5965999960899353, 0.6499999761581421, 0.6514999866485596, 0.5781999826431274, 0.6776999831199646, 0.6888999938964844, 0.6491000056266785, 0.6639000177383423, 0.7609000205993652, 0.7250999808311462, 0.6147000193595886]","[1.8788061141967773, 1.8191359043121338, 1.3131905794143677, 1.0649510622024536, 1.6786105632781982, 1.0461219549179077, 0.9146144390106201, 1.1169006824493408, 0.8765453100204468, 1.1957772970199585, 1.0226038694381714, 1.0021824836730957, 1.2150311470031738, 0.9167601466178894, 0.8833654522895813, 1.0536975860595703, 0.9986503720283508, 0.6857104897499084, 0.8027578592300415, 1.4070467948913574]",0.614700019,,,,,,,,,,-1,-1,-1,3,6,10,10,0.3,0.6,FALSE,WORST,0,TRUE
KQSBR[M],,4,3,3,TRUE,TRUE,"[1, 2, 1, 1, 2, 0, 1, 2, 1, 1, 0, 0, 1, 3, 1, 2, -1, 1, 5, 2, 0]","[{'INP': 32}, {'CONV': [128, 5]}, {'CONV': [128, 3]}, {'CONV': [128, 5]}, {'CONV': [32, 3]}, {'CONV': [256, 5]}, {'POOLMAX': [-1, 3]}, {'FLATTEN': None}, {'DENSE': [256, 'relu']}, {'DENSE': [10, 'softmax']}]",UC,MPAR,GA,20,"[0.4916999936103821, 0.6309000253677368, 0.5618000030517578, 0.6334999799728394, 0.6868000030517578, 0.754800021648407, 0.6944000124931335, 0.7032999992370605, 0.7753000259399414, 0.7996000051498413, 0.8127999901771545, 0.7807999849319458, 0.7246000170707703, 0.7797999978065491, 0.7967000007629395, 0.8176000118255615, 0.8100000023841858, 0.8138999938964844, 0.8216999769210815, 0.8393999934196472]","[1.4879952669143677, 1.044817566871643, 1.2068686485290527, 1.0424972772598267, 0.9155210852622986, 0.6983490586280823, 0.9423751831054688, 0.9417563676834106, 0.6565597057342529, 0.5886577367782593, 0.55577152967453, 0.6348012685775757, 0.8577984571456909, 0.6672597527503967, 0.6047636866569519, 0.5279746055603027, 0.5703258514404297, 0.5607457756996155, 0.5432272553443909, 0.461900919675827]",0.839399993,,,,,,,,,"[1, 1, 1, 1, 2, 0, 1, 2, 1, 1, 3, 0, 1, 3, 1, 2, -1, 0, 5, 2, 0]",6,2,3,7,10,30,30,0.233333333,0.333333333,FALSE,WORST,1,TRUE
LCNVV[M],,4,4,4,TRUE,TRUE,"[1, 1, 1, 1, 3, 1, 1, 2, 0, 1, 3, 0, 1, 2, 0, 2, -1, 0, 5, 2, 0]","[{'INP': 32}, {'CONV': [64, 5]}, {'CONV': [256, 5]}, {'CONV': [128, 3]}, {'CONV': [256, 3]}, {'CONV': [128, 3]}, {'POOLMAX': [-1, 2]}, {'FLATTEN': None}, {'DENSE': [256, 'relu']}, {'DENSE': [10, 'softmax']}]",UC,MPAR,GA,20,"[0.3995000123977661, 0.5752999782562256, 0.6700000166893005, 0.6837000250816345, 0.7009999752044678, 0.7591999769210815, 0.7093999981880188, 0.7261000275611877, 0.7878999710083008, 0.7692000269889832, 0.7598000168800354, 0.7985000014305115, 0.7336999773979187, 0.8105000257492065, 0.8163999915122986, 0.8174999952316284, 0.8105999827384949, 0.8021000027656555, 0.807699978351593, 0.8126000165939331]","[1.8666934967041016, 1.3200136423110962, 0.9885515570640564, 0.911201536655426, 0.8466009497642517, 0.7030304670333862, 0.8516472578048706, 0.8494998216629028, 0.6269700527191162, 0.6866737008094788, 0.777248203754425, 0.5812795758247375, 0.8764705061912537, 0.5507300496101379, 0.5355675220489502, 0.5617217421531677, 0.5854228734970093, 0.6159963607788086, 0.6193026304244995, 0.5879107713699341]",0.812600017,,,,,,,,,"[1, 1, 1, 1, 3, 1, 1, 2, 0, 1, 3, 0, 1, 1, 0, 2, -1, 0, 5, 2, 0]",3,3,1,9,12,40,40,0.225,0.3,FALSE,WORST,0,TRUE
PWKCU[M],,4,5,5,TRUE,TRUE,"[1, 1, 1, 1, 3, 1, 1, 2, 0, 1, 3, 0, 1, 1, 0, 1, 1, 0, 5, 2, 0]","[{'INP': 32}, {'CONV': [64, 5]}, {'CONV': [256, 5]}, {'CONV': [128, 3]}, {'CONV': [256, 3]}, {'CONV': [64, 3]}, {'CONV': [64, 3]}, {'FLATTEN': None}, {'DENSE': [256, 'relu']}, {'DENSE': [10, 'softmax']}]",UC,MPAR,GA,20,"[0.5052000284194946, 0.6171000003814697, 0.6215000152587891, 0.7200999855995178, 0.7081999778747559, 0.7441999912261963, 0.7570000290870667, 0.6927000284194946, 0.7301999926567078, 0.7749999761581421, 0.7538999915122986, 0.774399995803833, 0.7922999858856201, 0.8191999793052673, 0.8197000026702881, 0.8185999989509583, 0.8046000003814697, 0.8094000220298767, 0.7736999988555908, 0.8288000226020813]","[1.3568191528320312, 1.0970733165740967, 1.081581711769104, 0.8060637712478638, 0.8306721448898315, 0.7585375308990479, 0.7090052962303162, 0.9435718655586243, 0.8036708235740662, 0.6751500964164734, 0.7476873397827148, 0.7135556936264038, 0.5987820625305176, 0.5295683145523071, 0.5466474294662476, 0.5339816808700562, 0.6160887479782104, 0.5884824991226196, 0.7017396688461304, 0.5172718167304993]",0.828800023,,,,,,,,,"[1, 1, 1, 1, 3, 1, 1, 2, 0, 1, 3, 0, 1, 1, 0, 1, 1, 1, 5, 2, 0]",6,1,1,12,15,50,50,0.24,0.3,FALSE,WORST,0,TRUE
CZQTJ,,5,1,1,FALSE,FALSE,"[1, 2, 1, 2, -1, 1, 1, 1, 0, 2, -1, 1, 1, 3, 0, 2, -1, 0, 5, 3, 0]","[{'INP': 32}, {'CONV': [128, 5]}, {'POOLMAX': [-1, 3]}, {'CONV': [64, 3]}, {'POOLMAX': [-1, 3]}, {'CONV': [256, 3]}, {'POOLMAX': [-1, 2]}, {'FLATTEN': None}, {'DENSE': [512, 'relu']}, {'DENSE': [10, 'softmax']}]",UC,MPAR,GA,20,"[0.4828000068664551, 0.5271000266075134, 0.47609999775886536, 0.5842000246047974, 0.5321999788284302, 0.5874999761581421, 0.5784000158309937, 0.6481000185012817, 0.5979999899864197, 0.6743999719619751, 0.6601999998092651, 0.6561999917030334, 0.6331999897956848, 0.5877000093460083, 0.7092000246047974, 0.6367999911308289, 0.6439999938011169, 0.7386000156402588, 0.6765999794006348, 0.7080000042915344]","[1.3951499462127686, 1.3333832025527954, 1.5309969186782837, 1.1352266073226929, 1.3442108631134033, 1.167484998703003, 1.2279976606369019, 1.0170788764953613, 1.1435108184814453, 0.916469156742096, 0.98470538854599, 1.0170472860336304, 1.0672109127044678, 1.2155089378356934, 0.890127956867218, 1.0696994066238403, 1.0243630409240723, 0.7647371292114258, 0.9352277517318726, 0.8207830190658569]",0.708000004,,,,,,,,,,-1,-1,-1,4,3,10,10,0.4,0.3,FALSE,WORST,0,TRUE
HVTGK[M],,5,2,2,TRUE,TRUE,"[1, 1, 1, 1, 0, 0, 2, -1, 1, 1, 0, 0, 2, -1, 0, 1, 0, 1, 5, 3, 0]","[{'INP': 32}, {'CONV': [64, 5]}, {'CONV': [32, 3]}, {'POOLMAX': [-1, 3]}, {'CONV': [32, 3]}, {'POOLMAX': [-1, 2]}, {'CONV': [32, 5]}, {'FLATTEN': None}, {'DENSE': [512, 'relu']}, {'DENSE': [10, 'softmax']}]",UC,MPAR,GA,20,"[0.47920000553131104, 0.5849999785423279, 0.5946000218391418, 0.6365000009536743, 0.6312000155448914, 0.6572999954223633, 0.649399995803833, 0.7050999999046326, 0.6647999882698059, 0.7031000256538391, 0.6883000135421753, 0.6359999775886536, 0.7379000186920166, 0.7177000045776367, 0.692300021648407, 0.7343000173568726, 0.7203999757766724, 0.744700014591217, 0.7281000018119812, 0.7350000143051147]","[1.52540922164917, 1.1441760063171387, 1.2158281803131104, 1.0265300273895264, 1.0708754062652588, 1.0233981609344482, 1.0028502941131592, 0.8283071517944336, 0.9632470011711121, 0.8463681936264038, 0.9028891324996948, 1.088545799255371, 0.7620988488197327, 0.7932489514350891, 0.9087597727775574, 0.7685351371765137, 0.8053532838821411, 0.7405968904495239, 0.7952445149421692, 0.7831393480300903]",0.735000014,,,,,,,,,"[1, 1, 1, 1, 3, 0, 2, -1, 1, 1, 0, 0, 2, -1, 0, 1, 3, 1, 5, 2, 0]",2,9,3,7,6,20,20,0.35,0.3,FALSE,WORST,0,TRUE
UVYNK[M],,5,3,3,TRUE,TRUE,"[1, 1, 0, 1, 2, 1, 2, -1, 1, 1, 2, 0, 2, -1, 0, 1, 3, 1, 5, 1, 0]","[{'INP': 32}, {'CONV': [64, 3]}, {'CONV': [128, 5]}, {'POOLMAX': [-1, 3]}, {'CONV': [128, 3]}, {'POOLMAX': [-1, 2]}, {'CONV': [256, 5]}, {'FLATTEN': None}, {'DENSE': [128, 'relu']}, {'DENSE': [10, 'softmax']}]",UC,MPAR,GA,20,"[0.48829999566078186, 0.599399983882904, 0.714900016784668, 0.6516000032424927, 0.6603000164031982, 0.7057999968528748, 0.7735000252723694, 0.7764000296592712, 0.7997999787330627, 0.7189000248908997, 0.7736999988555908, 0.7168999910354614, 0.8041999936103821, 0.8159000277519226, 0.8029000163078308, 0.8252999782562256, 0.8145999908447266, 0.8240000009536743, 0.8458999991416931, 0.8338000178337097]","[1.4721155166625977, 1.1434882879257202, 0.8088704347610474, 1.0485246181488037, 1.0663962364196777, 0.8930528163909912, 0.6755610704421997, 0.634777307510376, 0.5744681358337402, 0.8874412178993225, 0.6824260950088501, 0.85262531042099, 0.5622008442878723, 0.5560917258262634, 0.5859772562980652, 0.5209550261497498, 0.5476775169372559, 0.5318710207939148, 0.4584138095378876, 0.4932345747947693]",0.833800018,,,,,,,,,"[1, 0, 0, 1, 2, 1, 2, -1, 1, 1, 2, 0, 2, -1, 0, 1, 3, 1, 5, 1, 0]",4,9,1,9,10,30,30,0.3,0.333333333,FALSE,WORST,1,TRUE
IFLSS[M],,5,4,4,TRUE,TRUE,"[1, 2, 0, 1, 2, 1, 1, 3, 1, 2, -1, 1, 1, 3, 1, 1, 3, 0, 5, 1, 0]","[{'INP': 32}, {'CONV': [128, 3]}, {'CONV': [128, 5]}, {'CONV': [256, 5]}, {'POOLMAX': [-1, 3]}, {'CONV': [256, 5]}, {'CONV': [256, 3]}, {'FLATTEN': None}, {'DENSE': [128, 'relu']}, {'DENSE': [10, 'softmax']}]",UC,MPAR,GA,20,"[0.4528999924659729, 0.6607999801635742, 0.6787999868392944, 0.6769999861717224, 0.6597999930381775, 0.7289999723434448, 0.7429999709129333, 0.7422000169754028, 0.7735999822616577, 0.7894999980926514, 0.7972999811172485, 0.779699981212616, 0.8079000115394592, 0.8468000292778015, 0.7806000113487244, 0.8156999945640564, 0.8363000154495239, 0.8241000175476074, 0.8579000234603882, 0.8658000230789185]","[1.727476954460144, 0.956676185131073, 0.9581235647201538, 0.9865210652351379, 1.032004475593567, 0.7827887535095215, 0.7609968185424805, 0.7692942023277283, 0.6918269395828247, 0.6212246417999268, 0.6250157952308655, 0.6912276148796082, 0.5991504192352295, 0.4642353653907776, 0.6908252835273743, 0.5802003741264343, 0.5397555828094482, 0.5635530352592468, 0.4510045349597931, 0.4133240282535553]",0.865800023,,,,,,,,,"[1, 2, 0, 1, 2, 1, 1, 3, 1, 2, -1, 1, 1, 2, 1, 1, 3, 0, 5, 1, 0]",5,3,1,9,13,40,40,0.225,0.325,FALSE,WORST,1,TRUE
APIGD[M],,5,5,5,TRUE,TRUE,"[1, 2, 1, 1, 2, 1, 1, 3, 1, 1, 0, 0, 1, 2, 0, 1, 3, 0, 5, 2, 0]","[{'INP': 32}, {'CONV': [128, 5]}, {'CONV': [128, 5]}, {'CONV': [256, 5]}, {'CONV': [32, 3]}, {'CONV': [128, 3]}, {'CONV': [256, 3]}, {'FLATTEN': None}, {'DENSE': [256, 'relu']}, {'DENSE': [10, 'softmax']}]",UC,MPAR,GA,20,"[0.39989998936653137, 0.37220001220703125, 0.5658000111579895, 0.5023000240325928, 0.7014999985694885, 0.6898999810218811, 0.7293999791145325, 0.7426999807357788, 0.6635000109672546, 0.7455999851226807, 0.7900999784469604, 0.7982000112533569, 0.8016999959945679, 0.8116999864578247, 0.7001000046730042, 0.8036999702453613, 0.7886000275611877, 0.7954000234603882, 0.8130999803543091, 0.8302000164985657]","[1.912961721420288, 2.270756721496582, 1.3136402368545532, 1.6615256071090698, 0.865118145942688, 0.9293535351753235, 0.7868767380714417, 0.7812814712524414, 1.0688401460647583, 0.7844812870025635, 0.6049408912658691, 0.5837589502334595, 0.5766462087631226, 0.5502569079399109, 0.9766256809234619, 0.6001377105712891, 0.6648087501525879, 0.646432638168335, 0.5734679102897644, 0.525373101234436]",0.830200016,,,,,,,,,"[1, 2, 1, 1, 2, 1, 1, 3, 1, 1, 0, 0, 1, 2, 0, 1, 3, 0, 5, 2, 0]",5,2,0,10,16,50,50,0.2,0.32,FALSE,WORST,0,TRUE
