Execution,Generation,HD_P1,HD_P2,HD_BM,HD_PB,Succ_Crossover_ratio,Succ_Mutation_ratio,NFHT,HV
1,1.0,0.625,0.25,0.0,0.0,0.25,0.0,0.0333333333333333,0.6863005737553791
1,2.0,0.125,0.875,0.0,0.375,0.17,0.0,0.0666666666666666,0.6995265032998781
1,3.0,0.125,0.875,0.0,0.0,0.13,0.0,0.0666666666666666,0.7043554424627838
1,4.0,0.125,0.875,0.0,0.0,0.14,0.0,0.0666666666666666,0.7088808938192735
1,5.0,0.125,0.875,0.0,0.0,0.07,0.0,0.0666666666666666,0.7108166074304565
1,6.0,0.125,0.875,0.0,0.0,0.12,0.0,0.0666666666666666,0.7117419620158736
1,7.0,0.125,0.625,0.0,0.375,0.17,0.0,0.2333333333333333,0.713506616867143
1,8.0,0.125,0.625,0.0,0.625,0.11,0.0,0.2666666666666666,0.7155018903188921
1,9.0,0.5,0.375,0.0,0.75,0.12,0.0,0.3,0.7159249880267238
1,10.0,0.5,0.375,0.0,0.375,0.13,0.0,0.3333333333333333,0.7194827222281758
1,11.0,0.25,0.125,0.0,0.125,0.13,0.0,0.3666666666666666,0.721512076220872
1,12.0,0.25,0.125,0.0,0.0,0.06,0.0,0.3666666666666666,0.721565583931701
1,13.0,0.25,0.125,0.0,0.0,0.06,0.0,0.3666666666666666,0.7216662321142353
1,14.0,0.25,0.125,0.0,0.0,0.07,0.0,0.3666666666666666,0.7216809184795538
1,15.0,0.25,0.125,0.0,0.0,0.09,0.0,0.3666666666666666,0.7217196317634331
1,16.0,0.25,0.125,0.0,0.0,0.06,0.0,0.3666666666666666,0.7217374174255751
1,17.0,0.25,0.125,0.0,0.0,0.06,0.0,0.3666666666666666,0.7217538570950648
1,18.0,0.25,0.125,0.0,0.0,0.04,0.0,0.3666666666666666,0.7217585149575182
1,19.0,0.25,0.125,0.0,0.0,0.07,0.0,0.3666666666666666,0.7217836858244764
1,20.0,0.25,0.125,0.0,0.0,0.1,0.0,0.3666666666666666,0.7217775930563872
1,21.0,0.25,0.125,0.0,0.0,0.04,0.0,0.3666666666666666,0.7217856761957564
1,22.0,0.25,0.125,0.0,0.0,0.15,0.0,0.3666666666666666,0.7217876945786469
1,23.0,0.25,0.125,0.0,0.0,0.07,0.0,0.3666666666666666,0.7218724175137566
1,24.0,0.25,0.125,0.0,0.0,0.03,0.0,0.3666666666666666,0.7218762852102611
1,25.0,0.25,0.125,0.0,0.0,0.06,0.0,0.3666666666666666,0.7218743364005246
1,26.0,0.25,0.125,0.0,0.0,0.06,0.0,0.3666666666666666,0.7218708278826279
1,27.0,0.25,0.125,0.0,0.0,0.12,0.0,0.3666666666666666,0.7218862237497169
1,28.0,0.25,0.125,0.0,0.0,0.05,0.0,0.3666666666666666,0.7218976244397955
1,29.0,0.25,0.125,0.0,0.0,0.09,0.0,0.3666666666666666,0.7218603846127158
1,30.0,0.25,0.125,0.0,0.0,0.15,0.0,0.3666666666666666,0.7218975347423777
1,30.0,0.25,0.125,0.0,0.0,0.15,0.0,0.3666666666666666,0.7218975347423777
2,1.0,0.5,0.5,0.0,0.0,0.21,0.0,0.0333333333333333,0.666308633289474
2,2.0,0.625,0.375,0.0,1.0,0.19,0.0,0.0666666666666666,0.6803793072074953
2,3.0,0.125,0.875,0.0,0.875,0.28,0.0,0.1,0.6908228141429359
2,4.0,0.75,0.25,0.0,0.875,0.16,0.0,0.1333333333333333,0.6992598816118455
2,5.0,0.625,0.125,0.0,0.875,0.13,0.0,0.1666666666666666,0.7018515015520032
2,6.0,0.75,0.125,0.0,0.125,0.16,0.0,0.2,0.7141782929694203
2,7.0,0.25,0.5,0.0,0.25,0.09,0.0,0.2333333333333333,0.7157417149523024
2,8.0,0.125,0.5,0.0,0.125,0.17,0.0,0.2666666666666666,0.7206700942158359
2,9.0,0.125,0.5,0.0,0.0,0.11,0.0,0.2666666666666666,0.7219178087828005
2,10.0,0.125,0.5,0.0,0.0,0.15,0.0,0.2666666666666666,0.7244342238433592
2,11.0,0.125,0.5,0.0,0.0,0.06,0.0,0.2666666666666666,0.7245892395893584
2,12.0,0.125,0.5,0.0,0.0,0.08,0.0,0.2666666666666666,0.7257130940291334
2,13.0,0.125,0.5,0.0,0.0,0.06,0.0,0.2666666666666666,0.725872074564332
2,14.0,0.125,0.125,0.0,0.125,0.11,0.0,0.4666666666666667,0.7263938526617567
2,15.0,0.125,0.125,0.0,0.0,0.09,0.0,0.4666666666666667,0.7268745610675046
2,16.0,0.125,0.125,0.0,0.0,0.12,0.0,0.4666666666666667,0.726896919264282
2,17.0,0.125,0.125,0.0,0.0,0.06,0.0,0.4666666666666667,0.7268989063847358
2,18.0,0.25,0.125,0.0,0.125,0.05,0.0,0.6,0.7276963438452787
2,19.0,0.25,0.125,0.0,0.0,0.1,0.0,0.6,0.7277175371684809
2,20.0,0.25,0.125,0.0,0.0,0.04,0.0,0.6,0.7277428460941645
2,21.0,0.25,0.125,0.0,0.0,0.06,0.0,0.6,0.7277655336096984
2,22.0,0.25,0.125,0.0,0.0,0.05,0.0,0.6,0.7277801961684771
2,23.0,0.25,0.125,0.0,0.0,0.03,0.0,0.6,0.7277986911099732
2,24.0,0.25,0.125,0.0,0.0,0.05,0.0,0.6,0.7278066083177154
2,25.0,0.25,0.125,0.0,0.0,0.09,0.0,0.6,0.7278322567872136
2,26.0,0.25,0.125,0.0,0.0,0.07,0.0,0.6,0.7278300389556261
2,27.0,0.25,0.125,0.0,0.0,0.08,0.0,0.6,0.7301603740086674
2,28.0,0.25,0.125,0.0,0.0,0.06,0.0,0.6,0.7301672075688362
2,29.0,0.25,0.125,0.0,0.0,0.09,0.0,0.6,0.7301918480655247
2,30.0,0.25,0.125,0.0,0.0,0.06,0.0,0.6,0.7301848458462732
2,30.0,0.25,0.125,0.0,0.0,0.06,0.0,0.6,0.7301848458462732
3,1.0,0.75,0.25,0.0,0.0,0.23,0.0,0.0333333333333333,0.6790049009671176
3,2.0,0.25,0.125,0.0,1.0,0.19,0.0,0.0666666666666666,0.6864009458205726
3,3.0,0.25,0.125,0.0,0.0,0.13,0.0,0.0666666666666666,0.6901753521780587
3,4.0,0.375,0.625,0.0,1.0,0.12,0.0,0.1333333333333333,0.6989860035567007
3,5.0,0.5,0.5,0.0,0.875,0.11,0.0,0.1666666666666666,0.7036095107622065
3,6.0,0.875,0.125,0.0,0.375,0.09,0.0,0.2,0.7052287796308696
3,7.0,0.875,0.125,0.0,0.0,0.15,0.0,0.2,0.7067230832651772
3,8.0,0.5,0.125,0.0,0.125,0.13,0.0,0.2666666666666666,0.7102234738639476
3,9.0,0.625,0.125,0.0,0.125,0.16,0.0,0.3,0.7143153992144493
3,10.0,0.625,0.125,0.0,0.0,0.07,0.0,0.3,0.7143952899645545
3,11.0,0.625,0.125,0.0,0.0,0.11,0.0,0.3,0.7144823617295943
3,12.0,0.625,0.125,0.0,0.0,0.1,0.0,0.3,0.7147952623820065
3,13.0,0.625,0.125,0.0,0.0,0.07,0.0,0.3,0.7150612539244864
3,14.0,0.625,0.125,0.0,0.0,0.09,0.0,0.3,0.715921127087511
3,15.0,0.625,0.125,0.0,0.0,0.1,0.0,0.3,0.715960709062958
3,16.0,0.125,0.25,0.0,0.125,0.13,0.0,0.5333333333333333,0.72002244138779
3,17.0,0.125,0.25,0.0,0.0,0.06,0.0,0.5333333333333333,0.7200252434156509
3,18.0,0.125,0.25,0.0,0.0,0.08,0.0,0.5333333333333333,0.7200515560401629
3,19.0,0.125,0.25,0.0,0.0,0.07,0.0,0.5333333333333333,0.7200413433069601
3,20.0,0.125,0.25,0.0,0.0,0.1,0.0,0.5333333333333333,0.72004346948417
3,21.0,0.125,0.25,0.0,0.0,0.06,0.0,0.5333333333333333,0.7200230610073948
3,22.0,0.125,0.25,0.0,0.0,0.08,0.0,0.5333333333333333,0.7200585050444412
3,23.0,0.125,0.25,0.0,0.0,0.12,0.0,0.5333333333333333,0.7201009956767472
3,24.0,0.125,0.25,0.0,0.0,0.06,0.0,0.5333333333333333,0.7201057856106555
3,25.0,0.125,0.25,0.0,0.0,0.1,0.0,0.5333333333333333,0.7201258786471124
3,26.0,0.125,0.25,0.0,0.0,0.11,0.0,0.5333333333333333,0.7201373707576244
3,27.0,0.125,0.25,0.0,0.0,0.05,0.0,0.5333333333333333,0.7201453837776866
3,28.0,0.125,0.25,0.0,0.0,0.1,0.0,0.5333333333333333,0.7201464601963455
3,29.0,0.125,0.25,0.0,0.0,0.05,0.0,0.5333333333333333,0.720142380031914
3,30.0,0.125,0.25,0.0,0.0,0.07,0.0,0.5333333333333333,0.7201546361057283
3,30.0,0.125,0.25,0.0,0.0,0.07,0.0,0.5333333333333333,0.7201546361057283
4,1.0,0.625,0.375,0.0,0.0,0.15,0.0,0.0333333333333333,0.673087689414079
4,2.0,0.375,0.5,0.0,0.5,0.28,0.0,0.0666666666666666,0.68135917264222
4,3.0,0.375,0.625,0.0,0.875,0.21,0.0,0.1,0.6851915842084444
4,4.0,0.375,0.625,0.0,0.875,0.15,0.0,0.1333333333333333,0.6912087813280581
4,5.0,0.875,0.125,0.0,0.125,0.08,0.0,0.1666666666666666,0.6979247002785763
4,6.0,0.5,0.5,0.0,0.625,0.15,0.0,0.2,0.702460848991922
4,7.0,0.5,0.5,0.0,0.0,0.12,0.0,0.2,0.7028210879208323
4,8.0,0.5,0.5,0.0,0.0,0.05,0.0,0.2,0.7033210984710605
4,9.0,0.375,0.25,0.0,0.375,0.16,0.0,0.3,0.7059651791637775
4,10.0,0.375,0.25,0.0,0.0,0.07,0.0,0.3,0.7071255475017503
4,11.0,0.375,0.125,0.0,0.125,0.07,0.0,0.3666666666666666,0.707920248152017
4,12.0,0.375,0.125,0.0,0.0,0.1,0.0,0.3666666666666666,0.7087100779805312
4,13.0,0.375,0.125,0.0,0.0,0.07,0.0,0.3666666666666666,0.7089563710769051
4,14.0,0.375,0.125,0.0,0.0,0.09,0.0,0.3666666666666666,0.7091094372352147
4,15.0,0.375,0.125,0.0,0.0,0.07,0.0,0.3666666666666666,0.7101683366481091
4,16.0,0.375,0.125,0.0,0.0,0.06,0.0,0.3666666666666666,0.713739461595879
4,17.0,0.375,0.125,0.0,0.0,0.08,0.0,0.3666666666666666,0.7141020236332194
4,18.0,0.375,0.125,0.0,0.0,0.08,0.0,0.3666666666666666,0.7141371905717513
4,19.0,0.375,0.125,0.0,0.0,0.08,0.0,0.3666666666666666,0.7148611500062347
4,20.0,0.25,0.125,0.0,0.125,0.08,0.0,0.6666666666666666,0.7149283144711899
4,21.0,0.25,0.125,0.0,0.0,0.1,0.0,0.6666666666666666,0.7149764763263328
4,22.0,0.25,0.125,0.0,0.0,0.09,0.0,0.6666666666666666,0.7164388669554427
4,23.0,0.25,0.125,0.0,0.0,0.01,0.0,0.6666666666666666,0.7164582920620073
4,24.0,0.25,0.125,0.0,0.0,0.08,0.0,0.6666666666666666,0.7165259785900439
4,25.0,0.25,0.125,0.0,0.0,0.06,0.0,0.6666666666666666,0.7165204946016481
4,26.0,0.25,0.125,0.0,0.0,0.04,0.0,0.6666666666666666,0.7165167318306093
4,27.0,0.25,0.125,0.0,0.0,0.1,0.0,0.6666666666666666,0.7165173402644076
4,28.0,0.25,0.125,0.0,0.0,0.05,0.0,0.6666666666666666,0.716526868901689
4,29.0,0.25,0.125,0.0,0.0,0.06,0.0,0.6666666666666666,0.716535350319733
4,30.0,0.25,0.125,0.0,0.0,0.04,0.0,0.6666666666666666,0.7165126725207247
4,30.0,0.25,0.125,0.0,0.0,0.04,0.0,0.6666666666666666,0.7165126725207247
5,1.0,0.75,0.125,0.0,0.0,0.18,0.0,0.0333333333333333,0.6767235303728425
5,2.0,0.25,0.75,0.0,0.25,0.11,0.0,0.0666666666666666,0.6839136939424395
5,3.0,0.125,0.875,0.0,0.875,0.14,0.0,0.1,0.6976383356478337
5,4.0,0.125,0.875,0.0,0.0,0.16,0.0,0.1,0.6982922875840346
5,5.0,0.25,0.75,0.0,0.75,0.19,0.0,0.1666666666666666,0.7085605050925143
5,6.0,0.25,0.75,0.0,0.0,0.14,0.0,0.1666666666666666,0.7096538417012099
5,7.0,0.25,0.75,0.0,0.0,0.14,0.0,0.1666666666666666,0.7112808891719933
5,8.0,0.375,0.375,0.0,0.375,0.09,0.0,0.2666666666666666,0.7125114736408046
5,9.0,0.5,0.125,0.0,0.625,0.1,0.0,0.3,0.7166417458647021
5,10.0,0.5,0.125,0.0,0.0,0.11,0.0,0.3,0.7184930974959717
5,11.0,0.5,0.125,0.0,0.0,0.11,0.0,0.3,0.7185402641161978
5,12.0,0.25,0.125,0.0,0.125,0.1,0.0,0.4,0.7204527835756741
5,13.0,0.25,0.25,0.0,0.25,0.13,0.0,0.4333333333333333,0.7238895343752796
5,14.0,0.25,0.25,0.0,0.0,0.07,0.0,0.4333333333333333,0.723948383731856
5,15.0,0.25,0.25,0.0,0.0,0.11,0.0,0.4333333333333333,0.7241017017028202
5,16.0,0.375,0.125,0.0,0.125,0.12,0.0,0.5333333333333333,0.7259593249135143
5,17.0,0.375,0.125,0.0,0.0,0.11,0.0,0.5333333333333333,0.7260188799154479
5,18.0,0.375,0.125,0.0,0.0,0.07,0.0,0.5333333333333333,0.7260485452006485
5,19.0,0.375,0.125,0.0,0.0,0.09,0.0,0.5333333333333333,0.7260706164043492
5,20.0,0.375,0.125,0.0,0.0,0.09,0.0,0.5333333333333333,0.726086727908309
5,21.0,0.375,0.125,0.0,0.0,0.06,0.0,0.5333333333333333,0.7261030944787454
5,22.0,0.375,0.125,0.0,0.0,0.03,0.0,0.5333333333333333,0.726119084004958
5,23.0,0.375,0.125,0.0,0.0,0.08,0.0,0.5333333333333333,0.7261759210130996
5,24.0,0.375,0.125,0.0,0.0,0.06,0.0,0.5333333333333333,0.7261838311089992
5,25.0,0.375,0.125,0.0,0.0,0.07,0.0,0.5333333333333333,0.7261925986166594
5,26.0,0.375,0.125,0.0,0.0,0.08,0.0,0.5333333333333333,0.7261906046134519
5,27.0,0.375,0.125,0.0,0.0,0.05,0.0,0.5333333333333333,0.7261937176384542
5,28.0,0.375,0.125,0.0,0.0,0.04,0.0,0.5333333333333333,0.7261619368701396
5,29.0,0.375,0.125,0.0,0.0,0.02,0.0,0.5333333333333333,0.7261668508797976
5,30.0,0.375,0.125,0.0,0.0,0.05,0.0,0.5333333333333333,0.7261700127608056
5,30.0,0.375,0.125,0.0,0.0,0.05,0.0,0.5333333333333333,0.7261700127608056
6,1.0,0.625,0.375,0.0,0.0,0.23,0.0,0.0333333333333333,0.6814632908695901
6,2.0,0.25,0.75,0.0,0.875,0.18,0.0,0.0666666666666666,0.6940858690252116
6,3.0,0.25,0.75,0.0,0.0,0.17,0.0,0.0666666666666666,0.6971017133169928
6,4.0,0.375,0.125,0.0,0.375,0.15,0.0,0.1333333333333333,0.7039381688114669
6,5.0,0.375,0.125,0.0,0.0,0.2,0.0,0.1333333333333333,0.7072958689262909
6,6.0,0.25,0.125,0.0,0.25,0.11,0.0,0.2,0.7094548525691564
6,7.0,0.25,0.125,0.0,0.0,0.08,0.0,0.2,0.7121511558149928
6,8.0,0.25,0.125,0.0,0.0,0.1,0.0,0.2,0.7135139915732793
6,9.0,0.25,0.125,0.0,0.0,0.11,0.0,0.2,0.7136635437362338
6,10.0,0.25,0.125,0.0,0.0,0.11,0.0,0.2,0.7143962820807926
6,11.0,0.25,0.375,0.0,0.375,0.07,0.0,0.3666666666666666,0.7161939404705672
6,12.0,0.25,0.375,0.0,0.0,0.08,0.0,0.3666666666666666,0.7177590339983977
6,13.0,0.25,0.375,0.0,0.0,0.1,0.0,0.3666666666666666,0.7178905852539146
6,14.0,0.25,0.375,0.0,0.0,0.11,0.0,0.3666666666666666,0.7196309677650441
6,15.0,0.75,0.125,0.0,0.125,0.15,0.0,0.5,0.720963928318368
6,16.0,0.75,0.125,0.0,0.0,0.07,0.0,0.5,0.7210073637013057
6,17.0,0.75,0.125,0.0,0.0,0.1,0.0,0.5,0.7211925658698387
6,18.0,0.75,0.125,0.0,0.0,0.07,0.0,0.5,0.7213029021548404
6,19.0,0.75,0.125,0.0,0.0,0.05,0.0,0.5,0.721317019984753
6,20.0,0.125,0.125,0.0,0.125,0.05,0.0,0.6666666666666666,0.7220655018350398
6,21.0,0.125,0.125,0.0,0.0,0.05,0.0,0.6666666666666666,0.7221279137578838
6,22.0,0.375,0.125,0.0,0.125,0.06,0.0,0.7333333333333333,0.7228531850462765
6,23.0,0.375,0.125,0.0,0.0,0.03,0.0,0.7333333333333333,0.7228490208361318
6,24.0,0.375,0.125,0.0,0.0,0.05,0.0,0.7333333333333333,0.7229075288926938
6,25.0,0.375,0.125,0.0,0.0,0.05,0.0,0.7333333333333333,0.7228600189711313
6,26.0,0.375,0.125,0.0,0.0,0.05,0.0,0.7333333333333333,0.7228589286637237
6,27.0,0.375,0.125,0.0,0.0,0.05,0.0,0.7333333333333333,0.7228732865132507
6,28.0,0.375,0.125,0.0,0.0,0.05,0.0,0.7333333333333333,0.723196447932746
6,29.0,0.375,0.125,0.0,0.0,0.06,0.0,0.7333333333333333,0.7232329441215821
6,30.0,0.375,0.125,0.0,0.0,0.06,0.0,0.7333333333333333,0.7232234363786104
6,30.0,0.375,0.125,0.0,0.0,0.06,0.0,0.7333333333333333,0.7232234363786104
7,1.0,0.0,0.0,0.0,0.0,0.23,0.0,0.0333333333333333,0.6623957767007518
7,2.0,0.0,0.0,0.0,0.0,0.18,0.0,0.0333333333333333,0.6675822502979968
7,3.0,0.375,0.625,0.0,0.375,0.14,0.0,0.1,0.6844061325933147
7,4.0,0.375,0.625,0.0,0.625,0.22,0.0,0.1333333333333333,0.6876598827424278
7,5.0,0.5,0.375,0.0,0.5,0.11,0.0,0.1666666666666666,0.6934641398317342
7,6.0,0.125,0.75,0.0,0.5,0.09,0.0,0.2,0.6964499364486111
7,7.0,0.875,0.125,0.0,0.375,0.1,0.0,0.2333333333333333,0.6998916232419992
7,8.0,0.875,0.125,0.0,0.0,0.12,0.0,0.2333333333333333,0.7002036343888463
7,9.0,0.625,0.25,0.0,0.625,0.1,0.0,0.3,0.7016506370556075
7,10.0,0.625,0.25,0.0,0.0,0.15,0.0,0.3,0.7027661767539044
7,11.0,0.625,0.25,0.0,0.0,0.12,0.0,0.3,0.7030312692726766
7,12.0,0.375,0.625,0.0,0.625,0.13,0.0,0.4,0.707967086750002
7,13.0,0.375,0.625,0.0,0.0,0.16,0.0,0.4,0.7081040664223643
7,14.0,0.375,0.625,0.0,0.0,0.08,0.0,0.4,0.708304913769202
7,15.0,0.125,0.5,0.0,0.375,0.12,0.0,0.5,0.7090379712378126
7,16.0,0.125,0.25,0.0,0.375,0.16,0.0,0.5333333333333333,0.713693907473625
7,17.0,0.125,0.25,0.0,0.0,0.13,0.0,0.5333333333333333,0.7137440950867229
7,18.0,0.125,0.25,0.0,0.0,0.06,0.0,0.5333333333333333,0.7137704307459372
7,19.0,0.125,0.25,0.0,0.0,0.07,0.0,0.5333333333333333,0.7138696380067471
7,20.0,0.375,0.125,0.0,0.5,0.12,0.0,0.6666666666666666,0.7141668386009467
7,21.0,0.125,0.625,0.0,0.5,0.1,0.0,0.7,0.7151525555096507
7,22.0,0.125,0.625,0.0,0.0,0.07,0.0,0.7,0.7151449718173458
7,23.0,0.125,0.125,0.0,0.25,0.09,0.0,0.7666666666666667,0.7158715961932468
7,24.0,0.125,0.125,0.0,0.0,0.05,0.0,0.7666666666666667,0.7158702578559599
7,25.0,0.125,0.25,0.0,0.125,0.14,0.0,0.8333333333333334,0.7171751147324847
7,26.0,0.125,0.25,0.0,0.0,0.08,0.0,0.8333333333333334,0.7171923998303091
7,27.0,0.125,0.25,0.0,0.0,0.06,0.0,0.8333333333333334,0.7172347791985166
7,28.0,0.125,0.25,0.0,0.0,0.01,0.0,0.8333333333333334,0.717300390745698
7,29.0,0.125,0.25,0.0,0.0,0.04,0.0,0.8333333333333334,0.7172690256155098
7,30.0,0.125,0.25,0.0,0.0,0.09,0.0,0.8333333333333334,0.7172552571878663
7,30.0,0.125,0.25,0.0,0.0,0.09,0.0,0.8333333333333334,0.7172552571878663
8,1.0,0.25,0.75,0.0,0.0,0.16,0.0,0.0333333333333333,0.6725878550036862
8,2.0,0.625,0.25,0.0,0.875,0.21,0.0,0.0666666666666666,0.6883128692084555
8,3.0,0.375,0.5,0.0,0.875,0.16,0.0,0.1,0.6961200574842197
8,4.0,0.125,0.375,0.0,0.125,0.15,0.0,0.1333333333333333,0.7022094751246121
8,5.0,0.125,0.375,0.0,0.0,0.14,0.0,0.1333333333333333,0.7066170118985425
8,6.0,0.125,0.375,0.0,0.0,0.1,0.0,0.1333333333333333,0.7102252597698526
8,7.0,0.375,0.125,0.0,0.375,0.11,0.0,0.2333333333333333,0.7129209191724395
8,8.0,0.125,0.625,0.0,0.125,0.11,0.0,0.2666666666666666,0.7154476053699163
8,9.0,0.5,0.375,0.0,0.75,0.15,0.0,0.3,0.7206711648648406
8,10.0,0.5,0.375,0.0,0.0,0.08,0.0,0.3,0.7210626563439319
8,11.0,0.5,0.375,0.0,0.0,0.08,0.0,0.3,0.7211911573781128
8,12.0,0.5,0.375,0.0,0.0,0.11,0.0,0.3,0.7213920695953712
8,13.0,0.5,0.375,0.0,0.0,0.08,0.0,0.3,0.7217158036202405
8,14.0,0.25,0.375,0.0,0.25,0.06,0.0,0.4666666666666667,0.724353873422738
8,15.0,0.25,0.375,0.0,0.0,0.07,0.0,0.4666666666666667,0.7253743023343792
8,16.0,0.25,0.375,0.0,0.0,0.12,0.0,0.4666666666666667,0.7254392284645215
8,17.0,0.25,0.375,0.0,0.0,0.08,0.0,0.4666666666666667,0.7255196723692536
8,18.0,0.25,0.375,0.0,0.0,0.06,0.0,0.4666666666666667,0.7255311158551349
8,19.0,0.25,0.375,0.0,0.0,0.09,0.0,0.4666666666666667,0.7255740874765869
8,20.0,0.25,0.375,0.0,0.0,0.06,0.0,0.4666666666666667,0.7256037702209641
8,21.0,0.25,0.375,0.0,0.0,0.08,0.0,0.4666666666666667,0.7256022102842336
8,22.0,0.25,0.375,0.0,0.0,0.04,0.0,0.4666666666666667,0.7257728953120165
8,23.0,0.25,0.375,0.0,0.0,0.01,0.0,0.4666666666666667,0.7257997824310836
8,24.0,0.25,0.375,0.0,0.0,0.05,0.0,0.4666666666666667,0.7257970431914657
8,25.0,0.25,0.375,0.0,0.0,0.08,0.0,0.4666666666666667,0.7257930187146096
8,26.0,0.25,0.375,0.0,0.0,0.08,0.0,0.4666666666666667,0.7258147511212195
8,27.0,0.25,0.375,0.0,0.0,0.04,0.0,0.4666666666666667,0.7258184503836236
8,28.0,0.25,0.375,0.0,0.0,0.1,0.0,0.4666666666666667,0.725825554279795
8,29.0,0.25,0.375,0.0,0.0,0.06,0.0,0.4666666666666667,0.7258232205831785
8,30.0,0.25,0.375,0.0,0.0,0.02,0.0,0.4666666666666667,0.7258145884745039
8,30.0,0.25,0.375,0.0,0.0,0.02,0.0,0.4666666666666667,0.7258145884745039
9,1.0,0.5,0.5,0.0,0.0,0.21,0.0,0.0333333333333333,0.6783581773004399
9,2.0,0.625,0.375,0.0,0.375,0.26,0.0,0.0666666666666666,0.6903880775025756
9,3.0,0.375,0.625,0.0,0.625,0.17,0.0,0.1,0.6922624821980153
9,4.0,0.125,0.5,0.0,0.75,0.15,0.0,0.1333333333333333,0.6986710312663289
9,5.0,0.125,0.5,0.0,0.0,0.1,0.0,0.1333333333333333,0.7040580182333338
9,6.0,0.625,0.375,0.0,0.375,0.22,0.0,0.2,0.707460347106055
9,7.0,0.125,0.625,0.0,0.5,0.18,0.0,0.2333333333333333,0.710909469451584
9,8.0,0.125,0.625,0.0,0.0,0.13,0.0,0.2333333333333333,0.7113842954933604
9,9.0,0.125,0.625,0.0,0.0,0.12,0.0,0.2333333333333333,0.7130002228940452
9,10.0,0.125,0.625,0.0,0.0,0.11,0.0,0.2333333333333333,0.7134768088246208
9,11.0,0.25,0.25,0.0,0.375,0.16,0.0,0.3666666666666666,0.7160816981073018
9,12.0,0.25,0.125,0.0,0.25,0.14,0.0,0.4,0.719051900882119
9,13.0,0.125,0.5,0.0,0.125,0.15,0.0,0.4333333333333333,0.7211597146171853
9,14.0,0.125,0.5,0.0,0.0,0.08,0.0,0.4333333333333333,0.7211867080880684
9,15.0,0.125,0.5,0.0,0.0,0.08,0.0,0.4333333333333333,0.7213736173247693
9,16.0,0.375,0.25,0.0,0.125,0.11,0.0,0.5333333333333333,0.7215594116233264
9,17.0,0.375,0.25,0.0,0.0,0.12,0.0,0.5333333333333333,0.7215630797256836
9,18.0,0.375,0.25,0.0,0.0,0.11,0.0,0.5333333333333333,0.7215482252331602
9,19.0,0.375,0.25,0.0,0.0,0.09,0.0,0.5333333333333333,0.7215644202142694
9,20.0,0.375,0.25,0.0,0.0,0.05,0.0,0.5333333333333333,0.7215783351187525
9,21.0,0.375,0.25,0.0,0.0,0.05,0.0,0.5333333333333333,0.7215954232597981
9,22.0,0.375,0.25,0.0,0.0,0.06,0.0,0.5333333333333333,0.7215994113190182
9,23.0,0.375,0.25,0.0,0.0,0.1,0.0,0.5333333333333333,0.7215994011555908
9,24.0,0.375,0.25,0.0,0.0,0.07,0.0,0.5333333333333333,0.7216002420759009
9,25.0,0.375,0.25,0.0,0.0,0.08,0.0,0.5333333333333333,0.7216001656608318
9,26.0,0.375,0.25,0.0,0.0,0.04,0.0,0.5333333333333333,0.7215994851350591
9,27.0,0.375,0.25,0.0,0.0,0.14,0.0,0.5333333333333333,0.7216007055128718
9,28.0,0.375,0.25,0.0,0.0,0.05,0.0,0.5333333333333333,0.7215971943096967
9,29.0,0.375,0.25,0.0,0.0,0.06,0.0,0.5333333333333333,0.7215958163127988
9,30.0,0.375,0.25,0.0,0.0,0.09,0.0,0.5333333333333333,0.7215929856065141
9,30.0,0.375,0.25,0.0,0.0,0.09,0.0,0.5333333333333333,0.7215929856065141
10,1.0,0.0,0.0,0.0,0.0,0.26,0.0,0.0333333333333333,0.6765675336827449
10,2.0,0.0,0.0,0.0,0.0,0.16,0.0,0.0333333333333333,0.6889142647350401
10,3.0,0.125,0.875,0.0,0.375,0.15,0.0,0.1,0.6970602547845651
10,4.0,0.75,0.125,0.0,0.125,0.13,0.0,0.1333333333333333,0.7041856898101604
10,5.0,0.375,0.625,0.0,0.375,0.12,0.0,0.1666666666666666,0.7090380719513888
10,6.0,0.375,0.625,0.0,0.0,0.15,0.0,0.1666666666666666,0.7092842511090357
10,7.0,0.25,0.375,0.0,0.375,0.1,0.0,0.2333333333333333,0.7115497492162501
10,8.0,0.25,0.375,0.0,0.0,0.05,0.0,0.2333333333333333,0.712648379606718
10,9.0,0.25,0.375,0.0,0.0,0.1,0.0,0.2333333333333333,0.7127519299518918
10,10.0,0.25,0.375,0.0,0.0,0.09,0.0,0.2333333333333333,0.7138321856459933
10,11.0,0.125,0.5,0.0,0.375,0.13,0.0,0.3666666666666666,0.7165921574774226
10,12.0,0.125,0.5,0.0,0.0,0.06,0.0,0.3666666666666666,0.7165884508489425
10,13.0,0.125,0.5,0.0,0.0,0.07,0.0,0.3666666666666666,0.7166517578576918
10,14.0,0.125,0.5,0.0,0.0,0.1,0.0,0.3666666666666666,0.7175703204451439
10,15.0,0.375,0.25,0.0,0.375,0.07,0.0,0.5,0.7187337048998766
10,16.0,0.375,0.25,0.0,0.0,0.06,0.0,0.5,0.718712714337349
10,17.0,0.375,0.25,0.0,0.0,0.07,0.0,0.5,0.7187220294085762
10,18.0,0.375,0.25,0.0,0.0,0.08,0.0,0.5,0.7187212067281655
10,19.0,0.375,0.25,0.0,0.0,0.09,0.0,0.5,0.7186630481433058
10,20.0,0.375,0.25,0.0,0.0,0.09,0.0,0.5,0.7188182033187004
10,21.0,0.375,0.25,0.0,0.0,0.08,0.0,0.5,0.7214873528622042
10,22.0,0.375,0.25,0.0,0.0,0.07,0.0,0.5,0.7215122799889513
10,23.0,0.375,0.25,0.0,0.0,0.05,0.0,0.5,0.7215480829187754
10,24.0,0.375,0.25,0.0,0.0,0.09,0.0,0.5,0.7215910233085999
10,25.0,0.375,0.25,0.0,0.0,0.05,0.0,0.5,0.7215993378325943
10,26.0,0.25,0.25,0.0,0.125,0.06,0.0,0.8666666666666667,0.7217312264313256
10,27.0,0.25,0.25,0.0,0.0,0.09,0.0,0.8666666666666667,0.7217263843510485
10,28.0,0.25,0.25,0.0,0.0,0.06,0.0,0.8666666666666667,0.7217121313515722
10,29.0,0.125,0.25,0.0,0.125,0.02,0.0,0.9666666666666668,0.7218160838564692
10,30.0,0.125,0.25,0.0,0.0,0.06,0.0,0.9666666666666668,0.7218031405800729
10,30.0,0.125,0.25,0.0,0.0,0.06,0.0,0.9666666666666668,0.7218031405800729
11,1.0,0.0,0.0,0.0,0.0,0.22,0.0,0.0333333333333333,0.6663212014956474
11,2.0,0.0,0.0,0.0,0.0,0.18,0.0,0.0333333333333333,0.6758892745662259
11,3.0,0.125,0.75,0.0,0.125,0.2,0.0,0.1,0.6798678485937113
11,4.0,0.75,0.125,0.0,0.5,0.12,0.0,0.1333333333333333,0.6899768918954189
11,5.0,0.75,0.125,0.0,0.125,0.13,0.0,0.1666666666666666,0.697580825272683
11,6.0,0.75,0.125,0.0,0.0,0.11,0.0,0.1666666666666666,0.6982017284103217
11,7.0,0.5,0.375,0.0,0.375,0.12,0.0,0.2333333333333333,0.7020332983342817
11,8.0,0.625,0.375,0.0,0.25,0.09,0.0,0.2666666666666666,0.7066485018815993
11,9.0,0.125,0.25,0.0,0.5,0.11,0.0,0.3,0.7114684643088076
11,10.0,0.125,0.25,0.0,0.0,0.11,0.0,0.3,0.7118675980738469
11,11.0,0.125,0.25,0.0,0.0,0.08,0.0,0.3,0.7124135133881397
11,12.0,0.25,0.5,0.0,0.25,0.11,0.0,0.4,0.7128972782452276
11,13.0,0.25,0.5,0.0,0.0,0.05,0.0,0.4,0.7129349120555785
11,14.0,0.25,0.5,0.0,0.0,0.04,0.0,0.4,0.7130963182747116
11,15.0,0.25,0.5,0.0,0.0,0.08,0.0,0.4,0.7131326928965955
11,16.0,0.125,0.125,0.0,0.25,0.08,0.0,0.5333333333333333,0.7140455721196466
11,17.0,0.125,0.125,0.0,0.0,0.05,0.0,0.5333333333333333,0.7142280579456988
11,18.0,0.25,0.375,0.0,0.125,0.08,0.0,0.6,0.7152079794370921
11,19.0,0.25,0.375,0.0,0.0,0.08,0.0,0.6,0.7152528241516691
11,20.0,0.25,0.375,0.0,0.0,0.09,0.0,0.6,0.7152445725920569
11,21.0,0.25,0.375,0.0,0.0,0.01,0.0,0.6,0.7152518119651416
11,22.0,0.25,0.375,0.0,0.0,0.05,0.0,0.6,0.7152577702996612
11,23.0,0.25,0.375,0.0,0.0,0.08,0.0,0.6,0.7152589450062476
11,24.0,0.25,0.375,0.0,0.0,0.08,0.0,0.6,0.7152657609812454
11,25.0,0.25,0.375,0.0,0.0,0.03,0.0,0.6,0.7152719168036885
11,26.0,0.25,0.375,0.0,0.0,0.08,0.0,0.6,0.7153250355683166
11,27.0,0.25,0.375,0.0,0.0,0.08,0.0,0.6,0.7153199523872844
11,28.0,0.375,0.25,0.0,0.125,0.06,0.0,0.9333333333333332,0.7157709082093521
11,29.0,0.375,0.25,0.0,0.0,0.04,0.0,0.9333333333333332,0.7157627026210976
11,30.0,0.375,0.25,0.0,0.0,0.06,0.0,0.9333333333333332,0.7157564490693469
11,30.0,0.375,0.25,0.0,0.0,0.06,0.0,0.9333333333333332,0.7157564490693469
12,1.0,0.125,0.875,0.0,0.0,0.22,0.0,0.0333333333333333,0.6675368210840092
12,2.0,0.375,0.625,0.0,0.375,0.18,0.0,0.0666666666666666,0.6862116741884661
12,3.0,0.625,0.375,0.0,0.375,0.15,0.0,0.1,0.694763827861844
12,4.0,0.125,0.75,0.0,0.125,0.18,0.0,0.1333333333333333,0.7025308034793191
12,5.0,0.125,0.75,0.0,0.0,0.1,0.0,0.1333333333333333,0.7097135173412251
12,6.0,0.25,0.5,0.0,0.25,0.17,0.0,0.2,0.7151616124161082
12,7.0,0.25,0.5,0.0,0.0,0.15,0.0,0.2,0.7175204110611978
12,8.0,0.25,0.5,0.0,0.0,0.12,0.0,0.2,0.7179033786177991
12,9.0,0.75,0.25,0.0,0.625,0.09,0.0,0.3,0.7184756388447693
12,10.0,0.375,0.25,0.0,0.25,0.1,0.0,0.3333333333333333,0.7189957151653745
12,11.0,0.625,0.125,0.0,0.25,0.1,0.0,0.3666666666666666,0.720952174128245
12,12.0,0.625,0.125,0.0,0.0,0.08,0.0,0.3666666666666666,0.7225474878771019
12,13.0,0.625,0.125,0.0,0.0,0.12,0.0,0.3666666666666666,0.7227897980778499
12,14.0,0.625,0.125,0.0,0.0,0.07,0.0,0.3666666666666666,0.7228928694475046
12,15.0,0.625,0.125,0.0,0.0,0.07,0.0,0.3666666666666666,0.7229173665092056
12,16.0,0.625,0.125,0.0,0.0,0.07,0.0,0.3666666666666666,0.7229579784176561
12,17.0,0.625,0.125,0.0,0.0,0.06,0.0,0.3666666666666666,0.7229498751797551
12,18.0,0.625,0.125,0.0,0.0,0.06,0.0,0.3666666666666666,0.7229793950507832
12,19.0,0.625,0.125,0.0,0.0,0.07,0.0,0.3666666666666666,0.7239106082078702
12,20.0,0.625,0.125,0.0,0.0,0.08,0.0,0.3666666666666666,0.7239202081593918
12,21.0,0.125,0.125,0.0,0.125,0.07,0.0,0.7,0.7247791926785114
12,22.0,0.125,0.125,0.0,0.0,0.06,0.0,0.7,0.7247806976412519
12,23.0,0.125,0.125,0.0,0.0,0.11,0.0,0.7,0.7247967911495711
12,24.0,0.125,0.125,0.0,0.0,0.07,0.0,0.7,0.7247947571294879
12,25.0,0.125,0.125,0.0,0.0,0.12,0.0,0.7,0.7248273007520759
12,26.0,0.125,0.125,0.0,0.0,0.04,0.0,0.7,0.7248245718273394
12,27.0,0.125,0.125,0.0,0.0,0.08,0.0,0.7,0.7248669799539414
12,28.0,0.125,0.125,0.0,0.0,0.09,0.0,0.7,0.7248720514022994
12,29.0,0.125,0.125,0.0,0.0,0.11,0.0,0.7,0.7248853797194159
12,30.0,0.125,0.125,0.0,0.0,0.12,0.0,0.7,0.7248777154573751
12,30.0,0.125,0.125,0.0,0.0,0.12,0.0,0.7,0.7248777154573751
13,1.0,0.75,0.25,0.0,0.0,0.2,0.0,0.0333333333333333,0.6713796820973995
13,2.0,0.25,0.75,0.0,0.25,0.19,0.0,0.0666666666666666,0.6791998183196247
13,3.0,0.75,0.25,0.0,0.5,0.21,0.0,0.1,0.6836093132181718
13,4.0,0.125,0.75,0.0,0.5,0.18,0.0,0.1333333333333333,0.6961881332272117
13,5.0,0.125,0.75,0.0,0.0,0.2,0.0,0.1333333333333333,0.6986314423177529
13,6.0,0.25,0.25,0.0,0.25,0.17,0.0,0.2,0.7029984202536045
13,7.0,0.25,0.25,0.0,0.0,0.13,0.0,0.2,0.7058909282779702
13,8.0,0.5,0.125,0.0,0.125,0.09,0.0,0.2666666666666666,0.7068300973177923
13,9.0,0.5,0.125,0.0,0.0,0.15,0.0,0.2666666666666666,0.707447886596494
13,10.0,0.5,0.125,0.0,0.0,0.1,0.0,0.2666666666666666,0.7075543530030692
13,11.0,0.5,0.125,0.0,0.0,0.1,0.0,0.2666666666666666,0.7109648778237734
13,12.0,0.375,0.125,0.0,0.25,0.1,0.0,0.4,0.7119126219076948
13,13.0,0.375,0.125,0.0,0.0,0.08,0.0,0.4,0.7125495893984046
13,14.0,0.375,0.375,0.0,0.375,0.1,0.0,0.4666666666666667,0.7130212457630137
13,15.0,0.125,0.5,0.0,0.5,0.09,0.0,0.5,0.714643250612385
13,16.0,0.125,0.5,0.0,0.0,0.08,0.0,0.5,0.7146866540071308
13,17.0,0.125,0.125,0.0,0.5,0.05,0.0,0.5666666666666667,0.7157757290295625
13,18.0,0.125,0.25,0.0,0.375,0.06,0.0,0.6,0.7173493126048516
13,19.0,0.125,0.25,0.0,0.0,0.05,0.0,0.6,0.717259009064073
13,20.0,0.125,0.25,0.0,0.0,0.1,0.0,0.6,0.7175391142985448
13,21.0,0.125,0.25,0.0,0.0,0.05,0.0,0.6,0.7175368550703819
13,22.0,0.125,0.25,0.0,0.0,0.04,0.0,0.6,0.7175335086643144
13,23.0,0.125,0.25,0.0,0.0,0.05,0.0,0.6,0.7175958121584309
13,24.0,0.125,0.25,0.0,0.0,0.05,0.0,0.6,0.7176475920182136
13,25.0,0.125,0.25,0.0,0.0,0.03,0.0,0.6,0.7176663258208715
13,26.0,0.125,0.25,0.0,0.0,0.04,0.0,0.6,0.7177322883214705
13,27.0,0.125,0.25,0.0,0.0,0.08,0.0,0.6,0.7177567731066576
13,28.0,0.125,0.25,0.0,0.0,0.06,0.0,0.6,0.7177704316119603
13,29.0,0.125,0.25,0.0,0.0,0.05,0.0,0.6,0.7177508388976969
13,30.0,0.125,0.25,0.0,0.0,0.08,0.0,0.6,0.7177958517038193
13,30.0,0.125,0.25,0.0,0.0,0.08,0.0,0.6,0.7177958517038193
14,1.0,0.25,0.75,0.0,0.0,0.21,0.0,0.0333333333333333,0.6721015676337758
14,2.0,0.25,0.75,0.0,0.0,0.16,0.0,0.0333333333333333,0.6787516064045978
14,3.0,0.875,0.125,0.0,0.125,0.12,0.0,0.1,0.6887390868206419
14,4.0,0.875,0.125,0.0,0.0,0.17,0.0,0.1,0.6903570493124291
14,5.0,0.875,0.125,0.0,0.0,0.11,0.0,0.1,0.6960947334011491
14,6.0,0.875,0.125,0.0,0.125,0.13,0.0,0.2,0.7039639986696457
14,7.0,0.5,0.25,0.0,0.375,0.17,0.0,0.2333333333333333,0.7087260692962505
14,8.0,0.375,0.375,0.0,0.25,0.16,0.0,0.2666666666666666,0.7147129513681774
14,9.0,0.375,0.375,0.0,0.0,0.11,0.0,0.2666666666666666,0.7170266187544695
14,10.0,0.375,0.375,0.0,0.0,0.09,0.0,0.2666666666666666,0.7197225671662911
14,11.0,0.375,0.375,0.0,0.0,0.08,0.0,0.2666666666666666,0.720367577639408
14,12.0,0.375,0.375,0.0,0.0,0.08,0.0,0.2666666666666666,0.7205152271610397
14,13.0,0.375,0.375,0.0,0.0,0.05,0.0,0.2666666666666666,0.7207292529408331
14,14.0,0.375,0.125,0.0,0.375,0.06,0.0,0.4666666666666667,0.7220328472843259
14,15.0,0.375,0.125,0.0,0.0,0.08,0.0,0.4666666666666667,0.7221233063119762
14,16.0,0.375,0.125,0.0,0.0,0.06,0.0,0.4666666666666667,0.7221523645371656
14,17.0,0.375,0.125,0.0,0.0,0.09,0.0,0.4666666666666667,0.7221832455454772
14,18.0,0.25,0.25,0.0,0.125,0.08,0.0,0.6,0.7225615357326064
14,19.0,0.25,0.25,0.0,0.0,0.07,0.0,0.6,0.7225644361528518
14,20.0,0.25,0.25,0.0,0.0,0.07,0.0,0.6,0.7226103495462758
14,21.0,0.25,0.25,0.0,0.0,0.05,0.0,0.6,0.7226112000173042
14,22.0,0.25,0.25,0.0,0.0,0.05,0.0,0.6,0.7226281455074185
14,23.0,0.25,0.25,0.0,0.0,0.04,0.0,0.6,0.7226384861972908
14,24.0,0.25,0.25,0.0,0.0,0.04,0.0,0.6,0.7226413405625542
14,25.0,0.25,0.25,0.0,0.0,0.06,0.0,0.6,0.7226501053859982
14,26.0,0.25,0.25,0.0,0.0,0.06,0.0,0.6,0.7226482676182806
14,27.0,0.25,0.25,0.0,0.0,0.04,0.0,0.6,0.7226456424688641
14,28.0,0.25,0.25,0.0,0.0,0.06,0.0,0.6,0.7226573598427879
14,29.0,0.25,0.25,0.0,0.0,0.09,0.0,0.6,0.7226542663971128
14,30.0,0.25,0.25,0.0,0.0,0.06,0.0,0.6,0.7226575790719546
14,30.0,0.25,0.25,0.0,0.0,0.06,0.0,0.6,0.7226575790719546
15,1.0,0.5,0.375,0.0,0.0,0.22,0.0,0.0333333333333333,0.6681023963991022
15,2.0,0.375,0.625,0.0,0.875,0.19,0.0,0.0666666666666666,0.6901515090703783
15,3.0,0.375,0.625,0.0,0.0,0.16,0.0,0.0666666666666666,0.6979856164151413
15,4.0,0.375,0.625,0.0,0.0,0.14,0.0,0.0666666666666666,0.6989646789381458
15,5.0,0.125,0.375,0.0,0.125,0.14,0.0,0.1666666666666666,0.7040965245140838
15,6.0,0.125,0.375,0.0,0.0,0.08,0.0,0.1666666666666666,0.7054764853754936
15,7.0,0.5,0.125,0.0,0.125,0.07,0.0,0.2333333333333333,0.7100772990978592
15,8.0,0.5,0.125,0.0,0.0,0.1,0.0,0.2333333333333333,0.7121690309096658
15,9.0,0.5,0.125,0.0,0.0,0.03,0.0,0.2333333333333333,0.7129060211633359
15,10.0,0.5,0.125,0.0,0.0,0.06,0.0,0.2333333333333333,0.7131841073648792
15,11.0,0.125,0.375,0.0,0.375,0.08,0.0,0.3666666666666666,0.7154115983836131
15,12.0,0.125,0.375,0.0,0.0,0.04,0.0,0.3666666666666666,0.715518157775665
15,13.0,0.125,0.375,0.0,0.125,0.14,0.0,0.4333333333333333,0.7185594395470913
15,14.0,0.125,0.375,0.0,0.0,0.08,0.0,0.4333333333333333,0.7186392862265094
15,15.0,0.125,0.375,0.0,0.0,0.08,0.0,0.4333333333333333,0.7188365923642698
15,16.0,0.125,0.375,0.0,0.0,0.04,0.0,0.4333333333333333,0.7188908845386449
15,17.0,0.125,0.375,0.0,0.0,0.03,0.0,0.4333333333333333,0.718915546654817
15,18.0,0.125,0.375,0.0,0.0,0.06,0.0,0.4333333333333333,0.7189527845277403
15,19.0,0.125,0.375,0.0,0.0,0.05,0.0,0.4333333333333333,0.7189623079471731
15,20.0,0.125,0.375,0.0,0.0,0.07,0.0,0.4333333333333333,0.7189978059369381
15,21.0,0.125,0.375,0.0,0.0,0.05,0.0,0.4333333333333333,0.7191372805875365
15,22.0,0.125,0.375,0.0,0.0,0.03,0.0,0.4333333333333333,0.7191726188393206
15,23.0,0.125,0.375,0.0,0.0,0.03,0.0,0.4333333333333333,0.7191958414020796
15,24.0,0.125,0.375,0.0,0.0,0.04,0.0,0.4333333333333333,0.7191934974830593
15,25.0,0.125,0.375,0.0,0.0,0.06,0.0,0.4333333333333333,0.719202163592239
15,26.0,0.125,0.125,0.0,0.125,0.09,0.0,0.8666666666666667,0.7192618215757905
15,27.0,0.125,0.125,0.0,0.0,0.06,0.0,0.8666666666666667,0.71928492942752
15,28.0,0.125,0.125,0.0,0.0,0.05,0.0,0.8666666666666667,0.7193090068367272
15,29.0,0.125,0.125,0.0,0.0,0.04,0.0,0.8666666666666667,0.7193084052386844
15,30.0,0.125,0.125,0.0,0.0,0.05,0.0,0.8666666666666667,0.7193409974864569
15,30.0,0.125,0.125,0.0,0.0,0.05,0.0,0.8666666666666667,0.7193409974864569
16,1.0,0.375,0.625,0.0,0.0,0.31,0.0,0.0333333333333333,0.6846507988423483
16,2.0,0.625,0.375,0.0,1.0,0.15,0.0,0.0666666666666666,0.6972817482150075
16,3.0,0.625,0.375,0.0,0.0,0.12,0.0,0.0666666666666666,0.7011099645640075
16,4.0,0.625,0.375,0.0,0.0,0.16,0.0,0.0666666666666666,0.7095691778721689
16,5.0,0.625,0.375,0.0,0.0,0.15,0.0,0.0666666666666666,0.7106937425516611
16,6.0,0.5,0.375,0.0,0.5,0.08,0.0,0.2,0.713076715378071
16,7.0,0.375,0.5,0.0,0.625,0.11,0.0,0.2333333333333333,0.7153554349311448
16,8.0,0.375,0.5,0.0,0.0,0.11,0.0,0.2333333333333333,0.7172519045315792
16,9.0,0.375,0.5,0.0,0.0,0.09,0.0,0.2333333333333333,0.7182553609282178
16,10.0,0.375,0.5,0.0,0.0,0.09,0.0,0.2333333333333333,0.718332799132965
16,11.0,0.125,0.25,0.0,0.25,0.09,0.0,0.3666666666666666,0.7192231052115299
16,12.0,0.125,0.25,0.0,0.0,0.07,0.0,0.3666666666666666,0.7201641475064681
16,13.0,0.125,0.25,0.0,0.25,0.08,0.0,0.4333333333333333,0.7205230668193032
16,14.0,0.125,0.25,0.0,0.0,0.09,0.0,0.4333333333333333,0.7205590171379305
16,15.0,0.125,0.25,0.0,0.0,0.08,0.0,0.4333333333333333,0.7206900272408736
16,16.0,0.125,0.25,0.0,0.0,0.07,0.0,0.4333333333333333,0.7209748232414951
16,17.0,0.125,0.25,0.0,0.0,0.06,0.0,0.4333333333333333,0.720985721567044
16,18.0,0.125,0.25,0.0,0.0,0.07,0.0,0.4333333333333333,0.7210923472921112
16,19.0,0.125,0.25,0.0,0.0,0.06,0.0,0.4333333333333333,0.7211080988988
16,20.0,0.125,0.25,0.0,0.0,0.08,0.0,0.4333333333333333,0.7211190734030258
16,21.0,0.125,0.25,0.0,0.0,0.11,0.0,0.4333333333333333,0.7211250467801588
16,22.0,0.125,0.25,0.0,0.0,0.08,0.0,0.4333333333333333,0.7211345864008684
16,23.0,0.125,0.25,0.0,0.0,0.07,0.0,0.4333333333333333,0.7211355258956047
16,24.0,0.125,0.25,0.0,0.0,0.03,0.0,0.4333333333333333,0.7211351367698104
16,25.0,0.125,0.25,0.0,0.0,0.1,0.0,0.4333333333333333,0.7211418846715694
16,26.0,0.125,0.25,0.0,0.0,0.04,0.0,0.4333333333333333,0.7211426623441202
16,27.0,0.125,0.25,0.0,0.0,0.1,0.0,0.4333333333333333,0.7211422133019911
16,28.0,0.125,0.25,0.0,0.0,0.08,0.0,0.4333333333333333,0.7212013916689101
16,29.0,0.125,0.25,0.0,0.0,0.03,0.0,0.4333333333333333,0.7211997798131714
16,30.0,0.125,0.25,0.0,0.0,0.07,0.0,0.4333333333333333,0.7212147674207859
16,30.0,0.125,0.25,0.0,0.0,0.07,0.0,0.4333333333333333,0.7212147674207859
17,1.0,0.875,0.125,0.0,0.0,0.26,0.0,0.0333333333333333,0.6798975961731184
17,2.0,0.375,0.625,0.0,0.375,0.14,0.0,0.0666666666666666,0.6925053225514078
17,3.0,0.625,0.375,0.0,0.5,0.15,0.0,0.1,0.6942229357574348
17,4.0,0.5,0.5,0.0,1.0,0.13,0.0,0.1333333333333333,0.7011773230046299
17,5.0,0.25,0.75,0.0,1.0,0.14,0.0,0.1666666666666666,0.7071355290523003
17,6.0,0.25,0.75,0.0,0.0,0.16,0.0,0.1666666666666666,0.7105642654929605
17,7.0,0.25,0.75,0.0,0.0,0.18,0.0,0.1666666666666666,0.71224066701876
17,8.0,0.25,0.625,0.0,0.25,0.08,0.0,0.2666666666666666,0.7126828545701218
17,9.0,0.375,0.375,0.0,0.375,0.11,0.0,0.3,0.7160912075682756
17,10.0,0.375,0.375,0.0,0.0,0.1,0.0,0.3,0.7161927216812585
17,11.0,0.375,0.375,0.0,0.0,0.13,0.0,0.3,0.71686023219983
17,12.0,0.375,0.375,0.0,0.0,0.07,0.0,0.3,0.7170428544693547
17,13.0,0.375,0.375,0.0,0.0,0.06,0.0,0.3,0.7171427840338424
17,14.0,0.125,0.75,0.0,0.125,0.07,0.0,0.4666666666666667,0.7180938606190772
17,15.0,0.125,0.75,0.0,0.0,0.04,0.0,0.4666666666666667,0.7181598664510005
17,16.0,0.125,0.75,0.0,0.0,0.08,0.0,0.4666666666666667,0.7182158072936474
17,17.0,0.125,0.75,0.0,0.0,0.03,0.0,0.4666666666666667,0.7182935969820344
17,18.0,0.5,0.125,0.0,0.25,0.08,0.0,0.6,0.7187411035442143
17,19.0,0.5,0.125,0.0,0.0,0.04,0.0,0.6,0.7210771265361251
17,20.0,0.125,0.125,0.0,0.125,0.07,0.0,0.6666666666666666,0.7221291767502448
17,21.0,0.125,0.125,0.0,0.0,0.04,0.0,0.6666666666666666,0.723660793945823
17,22.0,0.125,0.125,0.0,0.0,0.06,0.0,0.6666666666666666,0.7236735673555951
17,23.0,0.125,0.125,0.0,0.0,0.08,0.0,0.6666666666666666,0.7236858764236236
17,24.0,0.125,0.125,0.0,0.0,0.08,0.0,0.6666666666666666,0.723695899946949
17,25.0,0.125,0.125,0.0,0.0,0.05,0.0,0.6666666666666666,0.7236890887604805
17,26.0,0.125,0.125,0.0,0.0,0.07,0.0,0.6666666666666666,0.7237006323277041
17,27.0,0.125,0.125,0.0,0.0,0.06,0.0,0.6666666666666666,0.7237055297390194
17,28.0,0.125,0.125,0.0,0.0,0.07,0.0,0.6666666666666666,0.7237220899523882
17,29.0,0.125,0.125,0.0,0.0,0.04,0.0,0.6666666666666666,0.7237405954967504
17,30.0,0.125,0.125,0.0,0.0,0.04,0.0,0.6666666666666666,0.7237477804783519
17,30.0,0.125,0.125,0.0,0.0,0.04,0.0,0.6666666666666666,0.7237477804783519
18,1.0,0.0,0.0,0.0,0.0,0.32,0.0,0.0333333333333333,0.6751067607290147
18,2.0,0.125,0.875,0.0,0.125,0.12,0.0,0.0666666666666666,0.6816831998059475
18,3.0,0.125,0.875,0.0,0.0,0.12,0.0,0.0666666666666666,0.6846453319459647
18,4.0,0.125,0.875,0.0,0.0,0.08,0.0,0.0666666666666666,0.688253190504604
18,5.0,0.5,0.5,0.0,0.5,0.16,0.0,0.1666666666666666,0.6921997861852127
18,6.0,0.5,0.5,0.0,0.0,0.14,0.0,0.1666666666666666,0.6943671128662006
18,7.0,0.375,0.625,0.0,0.375,0.13,0.0,0.2333333333333333,0.6987514217972803
18,8.0,0.625,0.375,0.0,0.625,0.14,0.0,0.2666666666666666,0.7042238830408762
18,9.0,0.25,0.5,0.0,0.5,0.17,0.0,0.3,0.7054409450101838
18,10.0,0.75,0.125,0.0,0.5,0.12,0.0,0.3333333333333333,0.7087456222432358
18,11.0,0.75,0.125,0.0,0.0,0.05,0.0,0.3333333333333333,0.7089964204762198
18,12.0,0.25,0.25,0.0,0.375,0.11,0.0,0.4,0.7097570183033544
18,13.0,0.25,0.25,0.0,0.0,0.1,0.0,0.4,0.7099300310683294
18,14.0,0.25,0.125,0.0,0.125,0.15,0.0,0.4666666666666667,0.7129990219123354
18,15.0,0.25,0.125,0.0,0.0,0.1,0.0,0.4666666666666667,0.7131269809020586
18,16.0,0.25,0.125,0.0,0.0,0.06,0.0,0.4666666666666667,0.7157191314087211
18,17.0,0.25,0.125,0.0,0.0,0.04,0.0,0.4666666666666667,0.7165769835437943
18,18.0,0.25,0.125,0.0,0.0,0.08,0.0,0.4666666666666667,0.7166418824674508
18,19.0,0.25,0.125,0.0,0.0,0.05,0.0,0.4666666666666667,0.7167374511395629
18,20.0,0.25,0.125,0.0,0.0,0.07,0.0,0.4666666666666667,0.7167711523134477
18,21.0,0.25,0.125,0.0,0.0,0.06,0.0,0.4666666666666667,0.7172316448668786
18,22.0,0.25,0.125,0.0,0.0,0.04,0.0,0.4666666666666667,0.7172425522685191
18,23.0,0.25,0.125,0.0,0.0,0.04,0.0,0.4666666666666667,0.7172581467168027
18,24.0,0.25,0.125,0.0,0.0,0.09,0.0,0.4666666666666667,0.7187616754208124
18,25.0,0.25,0.125,0.0,0.0,0.08,0.0,0.4666666666666667,0.7194385475762042
18,26.0,0.25,0.125,0.0,0.0,0.03,0.0,0.4666666666666667,0.7194303591003923
18,27.0,0.25,0.125,0.0,0.0,0.01,0.0,0.4666666666666667,0.7194474266254669
18,28.0,0.25,0.125,0.0,0.0,0.07,0.0,0.4666666666666667,0.7194677033867104
18,29.0,0.25,0.125,0.0,0.0,0.08,0.0,0.4666666666666667,0.7194359800736991
18,30.0,0.25,0.125,0.0,0.0,0.06,0.0,0.4666666666666667,0.7194406728317355
18,30.0,0.25,0.125,0.0,0.0,0.06,0.0,0.4666666666666667,0.7194406728317355
19,1.0,0.0,0.0,0.0,0.0,0.2,0.0,0.0333333333333333,0.6904983160447311
19,2.0,0.875,0.125,0.0,0.125,0.21,0.0,0.0666666666666666,0.6978478247803757
19,3.0,0.875,0.125,0.0,0.0,0.21,0.0,0.0666666666666666,0.704070821552087
19,4.0,0.25,0.625,0.0,0.625,0.18,0.0,0.1333333333333333,0.7087342855241854
19,5.0,0.25,0.625,0.0,0.0,0.17,0.0,0.1333333333333333,0.7097163302027736
19,6.0,0.375,0.125,0.0,0.375,0.17,0.0,0.2,0.7182546097956296
19,7.0,0.375,0.125,0.0,0.0,0.11,0.0,0.2,0.7196027105178097
19,8.0,0.125,0.75,0.0,0.125,0.06,0.0,0.2666666666666666,0.7199737546550691
19,9.0,0.125,0.75,0.0,0.0,0.09,0.0,0.2666666666666666,0.7213024579949285
19,10.0,0.125,0.625,0.0,0.625,0.09,0.0,0.3333333333333333,0.724294102014769
19,11.0,0.125,0.625,0.0,0.0,0.06,0.0,0.3333333333333333,0.7244716886465551
19,12.0,0.125,0.375,0.0,0.125,0.08,0.0,0.4,0.7251067688103294
19,13.0,0.125,0.375,0.0,0.0,0.07,0.0,0.4,0.7251369004732251
19,14.0,0.25,0.125,0.0,0.125,0.05,0.0,0.4666666666666667,0.7260532765733048
19,15.0,0.25,0.125,0.0,0.0,0.09,0.0,0.4666666666666667,0.726077464616895
19,16.0,0.25,0.125,0.0,0.0,0.07,0.0,0.4666666666666667,0.7261135718688113
19,17.0,0.25,0.125,0.0,0.0,0.08,0.0,0.4666666666666667,0.7261479137371419
19,18.0,0.25,0.125,0.0,0.0,0.06,0.0,0.4666666666666667,0.726156570463063
19,19.0,0.25,0.125,0.0,0.0,0.08,0.0,0.4666666666666667,0.7266386231645994
19,20.0,0.25,0.125,0.0,0.0,0.11,0.0,0.4666666666666667,0.7266373319533991
19,21.0,0.25,0.125,0.0,0.0,0.12,0.0,0.4666666666666667,0.7266366621694643
19,22.0,0.25,0.125,0.0,0.0,0.03,0.0,0.4666666666666667,0.7266365079747674
19,23.0,0.25,0.125,0.0,0.0,0.06,0.0,0.4666666666666667,0.7266495145440774
19,24.0,0.25,0.125,0.0,0.0,0.07,0.0,0.4666666666666667,0.7266398976763471
19,25.0,0.25,0.125,0.0,0.0,0.05,0.0,0.4666666666666667,0.726655948078315
19,26.0,0.25,0.125,0.0,0.0,0.08,0.0,0.4666666666666667,0.7266794974517191
19,27.0,0.25,0.125,0.0,0.0,0.07,0.0,0.4666666666666667,0.726687438453767
19,28.0,0.25,0.125,0.0,0.0,0.02,0.0,0.4666666666666667,0.7266805651935423
19,29.0,0.25,0.125,0.0,0.0,0.09,0.0,0.4666666666666667,0.7266909231634473
19,30.0,0.25,0.125,0.0,0.0,0.12,0.0,0.4666666666666667,0.7266854183934996
19,30.0,0.25,0.125,0.0,0.0,0.12,0.0,0.4666666666666667,0.7266854183934996
20,1.0,0.375,0.625,0.0,0.0,0.25,0.0,0.0333333333333333,0.674567097876841
20,2.0,0.25,0.5,0.0,0.875,0.26,0.0,0.0666666666666666,0.6801992724170216
20,3.0,0.25,0.5,0.0,0.0,0.16,0.0,0.0666666666666666,0.6812062280975162
20,4.0,0.25,0.5,0.0,0.0,0.18,0.0,0.0666666666666666,0.6941303344735789
20,5.0,0.625,0.125,0.0,0.125,0.14,0.0,0.1666666666666666,0.6993637103340751
20,6.0,0.625,0.125,0.0,0.0,0.09,0.0,0.1666666666666666,0.7039554272311764
20,7.0,0.375,0.375,0.0,0.625,0.16,0.0,0.2333333333333333,0.7089280618567398
20,8.0,0.375,0.375,0.0,0.0,0.15,0.0,0.2333333333333333,0.7093284085455863
20,9.0,0.375,0.375,0.0,0.0,0.16,0.0,0.2333333333333333,0.7132399811457099
20,10.0,0.375,0.375,0.0,0.0,0.12,0.0,0.2333333333333333,0.7142547556560452
20,11.0,0.375,0.375,0.0,0.0,0.14,0.0,0.2333333333333333,0.7145416670173337
20,12.0,0.375,0.375,0.0,0.0,0.12,0.0,0.2333333333333333,0.7187090203686513
20,13.0,0.375,0.375,0.0,0.0,0.08,0.0,0.2333333333333333,0.7189282616349166
20,14.0,0.25,0.25,0.0,0.375,0.13,0.0,0.4666666666666667,0.720746883645329
20,15.0,0.25,0.25,0.0,0.0,0.08,0.0,0.4666666666666667,0.7208449094900249
20,16.0,0.25,0.25,0.0,0.0,0.1,0.0,0.4666666666666667,0.7210223891467231
20,17.0,0.25,0.25,0.0,0.25,0.12,0.0,0.5666666666666667,0.7229374183207075
20,18.0,0.25,0.25,0.0,0.0,0.06,0.0,0.5666666666666667,0.7229713048771069
20,19.0,0.25,0.25,0.0,0.0,0.06,0.0,0.5666666666666667,0.7230180443803607
20,20.0,0.25,0.25,0.0,0.0,0.08,0.0,0.5666666666666667,0.7231061927242806
20,21.0,0.25,0.25,0.0,0.0,0.05,0.0,0.5666666666666667,0.7231277924875397
20,22.0,0.25,0.25,0.0,0.0,0.07,0.0,0.5666666666666667,0.723134567938041
20,23.0,0.125,0.5,0.0,0.25,0.05,0.0,0.7666666666666667,0.723297990535678
20,24.0,0.125,0.5,0.0,0.0,0.06,0.0,0.7666666666666667,0.7233043597293931
20,25.0,0.125,0.5,0.0,0.0,0.05,0.0,0.7666666666666667,0.7233164648052351
20,26.0,0.125,0.5,0.0,0.0,0.06,0.0,0.7666666666666667,0.7235733900906113
20,27.0,0.125,0.5,0.0,0.0,0.06,0.0,0.7666666666666667,0.723539219449672
20,28.0,0.125,0.375,0.0,0.125,0.04,0.0,0.9333333333333332,0.7238773364398495
20,29.0,0.125,0.375,0.0,0.0,0.06,0.0,0.9333333333333332,0.7238868942162247
20,30.0,0.125,0.375,0.0,0.0,0.07,0.0,0.9333333333333332,0.7239020643768175
20,30.0,0.125,0.375,0.0,0.0,0.07,0.0,0.9333333333333332,0.7239020643768175
21,1.0,0.5,0.5,0.0,0.0,0.18,0.0,0.0333333333333333,0.6785528745108982
21,2.0,0.5,0.5,0.0,0.0,0.1,0.0,0.0333333333333333,0.6931181049222663
21,3.0,0.5,0.375,0.0,1.0,0.15,0.0,0.1,0.6966557997812645
21,4.0,0.5,0.375,0.0,0.0,0.07,0.0,0.1,0.7016018732075155
21,5.0,0.875,0.125,0.0,0.125,0.15,0.0,0.1666666666666666,0.7059037706414708
21,6.0,0.375,0.625,0.0,0.5,0.08,0.0,0.2,0.7097859500104678
21,7.0,0.125,0.875,0.0,0.375,0.1,0.0,0.2333333333333333,0.7146926981339756
21,8.0,0.125,0.875,0.0,0.0,0.1,0.0,0.2333333333333333,0.7176409961337176
21,9.0,0.125,0.875,0.0,0.0,0.06,0.0,0.2333333333333333,0.7186881796463699
21,10.0,0.125,0.875,0.0,0.0,0.1,0.0,0.2333333333333333,0.7191962838584472
21,11.0,0.125,0.875,0.0,0.0,0.11,0.0,0.2333333333333333,0.7203483070525935
21,12.0,0.125,0.875,0.0,0.0,0.08,0.0,0.2333333333333333,0.7208866657307799
21,13.0,0.125,0.875,0.0,0.0,0.15,0.0,0.2333333333333333,0.7211007026539125
21,14.0,0.125,0.5,0.0,0.125,0.06,0.0,0.4666666666666667,0.7212485890719376
21,15.0,0.125,0.5,0.0,0.0,0.06,0.0,0.4666666666666667,0.721998870462842
21,16.0,0.125,0.5,0.0,0.0,0.04,0.0,0.4666666666666667,0.722013615560319
21,17.0,0.125,0.5,0.0,0.0,0.06,0.0,0.4666666666666667,0.7222537655564062
21,18.0,0.5,0.125,0.0,0.125,0.09,0.0,0.6,0.7246964601952326
21,19.0,0.5,0.125,0.0,0.0,0.1,0.0,0.6,0.7247123208377598
21,20.0,0.5,0.125,0.0,0.0,0.04,0.0,0.6,0.7250443454779678
21,21.0,0.5,0.125,0.0,0.0,0.07,0.0,0.6,0.7250866313831767
21,22.0,0.5,0.125,0.0,0.0,0.04,0.0,0.6,0.7251075075587785
21,23.0,0.5,0.125,0.0,0.0,0.07,0.0,0.6,0.7251091778512395
21,24.0,0.5,0.125,0.0,0.0,0.06,0.0,0.6,0.7250996813072572
21,25.0,0.5,0.125,0.0,0.0,0.08,0.0,0.6,0.7251431405360322
21,26.0,0.5,0.125,0.0,0.0,0.04,0.0,0.6,0.7251389974551881
21,27.0,0.5,0.125,0.0,0.0,0.11,0.0,0.6,0.7251719380792705
21,28.0,0.5,0.125,0.0,0.0,0.1,0.0,0.6,0.7251559334895283
21,29.0,0.5,0.125,0.0,0.0,0.05,0.0,0.6,0.7251892404783944
21,30.0,0.5,0.125,0.0,0.0,0.05,0.0,0.6,0.7251959595683548
21,30.0,0.5,0.125,0.0,0.0,0.05,0.0,0.6,0.7251959595683548
22,1.0,0.5,0.5,0.0,0.0,0.16,0.0,0.0333333333333333,0.6842822360329036
22,2.0,0.875,0.125,0.0,1.0,0.2,0.0,0.0666666666666666,0.6927550917587225
22,3.0,0.625,0.375,0.0,0.375,0.24,0.0,0.1,0.698678333592269
22,4.0,0.375,0.625,0.0,0.375,0.18,0.0,0.1333333333333333,0.7051505567010345
22,5.0,0.375,0.625,0.0,0.0,0.17,0.0,0.1333333333333333,0.7072359550019401
22,6.0,0.125,0.25,0.0,0.125,0.14,0.0,0.2,0.7137730108640341
22,7.0,0.125,0.25,0.0,0.0,0.13,0.0,0.2,0.7170804435161964
22,8.0,0.125,0.25,0.0,0.0,0.08,0.0,0.2,0.7202279172741165
22,9.0,0.125,0.25,0.0,0.0,0.07,0.0,0.2,0.7205040175126924
22,10.0,0.125,0.25,0.0,0.0,0.08,0.0,0.2,0.7209195667360142
22,11.0,0.125,0.125,0.0,0.125,0.09,0.0,0.3666666666666666,0.7220678676080472
22,12.0,0.125,0.125,0.0,0.0,0.08,0.0,0.3666666666666666,0.7221342566404165
22,13.0,0.125,0.125,0.0,0.0,0.08,0.0,0.3666666666666666,0.7223224094634089
22,14.0,0.125,0.125,0.0,0.25,0.06,0.0,0.4666666666666667,0.7232737879060338
22,15.0,0.125,0.25,0.0,0.125,0.12,0.0,0.5,0.7244447525280346
22,16.0,0.125,0.25,0.0,0.0,0.05,0.0,0.5,0.7244655225395695
22,17.0,0.125,0.25,0.0,0.0,0.03,0.0,0.5,0.7244661694320991
22,18.0,0.125,0.25,0.0,0.0,0.04,0.0,0.5,0.7245199213521065
22,19.0,0.125,0.25,0.0,0.0,0.08,0.0,0.5,0.7244941848544163
22,20.0,0.125,0.25,0.0,0.0,0.08,0.0,0.5,0.7244806471553594
22,21.0,0.125,0.25,0.0,0.0,0.03,0.0,0.5,0.7245667038511946
22,22.0,0.125,0.25,0.0,0.0,0.05,0.0,0.5,0.7245889646240187
22,23.0,0.125,0.25,0.0,0.0,0.05,0.0,0.5,0.7246520931661679
22,24.0,0.125,0.25,0.0,0.0,0.02,0.0,0.5,0.7246748924347522
22,25.0,0.125,0.25,0.0,0.0,0.03,0.0,0.5,0.7246562763653788
22,26.0,0.375,0.125,0.0,0.125,0.04,0.0,0.8666666666666667,0.7248594257503695
22,27.0,0.375,0.125,0.0,0.0,0.03,0.0,0.8666666666666667,0.7248621705650105
22,28.0,0.375,0.125,0.0,0.0,0.08,0.0,0.8666666666666667,0.7249002010817532
22,29.0,0.375,0.125,0.0,0.0,0.03,0.0,0.8666666666666667,0.7249142407049662
22,30.0,0.375,0.125,0.0,0.0,0.05,0.0,0.8666666666666667,0.7249320913152308
22,30.0,0.375,0.125,0.0,0.0,0.05,0.0,0.8666666666666667,0.7249320913152308
23,1.0,0.875,0.125,0.0,0.0,0.25,0.0,0.0333333333333333,0.6770597479097838
23,2.0,0.875,0.125,0.0,0.25,0.21,0.0,0.0666666666666666,0.6921076042757537
23,3.0,0.75,0.25,0.0,0.875,0.21,0.0,0.1,0.7011377043772683
23,4.0,0.625,0.375,0.0,0.375,0.14,0.0,0.1333333333333333,0.7083842145218984
23,5.0,0.625,0.375,0.0,0.0,0.19,0.0,0.1333333333333333,0.7114516316905632
23,6.0,0.125,0.875,0.0,0.125,0.16,0.0,0.2,0.7184806529415185
23,7.0,0.125,0.875,0.0,0.0,0.09,0.0,0.2,0.7188710419832653
23,8.0,0.125,0.875,0.0,0.0,0.12,0.0,0.2,0.7194064893401287
23,9.0,0.125,0.875,0.0,0.0,0.11,0.0,0.2,0.7196271360175511
23,10.0,0.125,0.875,0.0,0.0,0.08,0.0,0.2,0.7219780563368408
23,11.0,0.625,0.125,0.0,0.75,0.1,0.0,0.3666666666666666,0.7263449593340802
23,12.0,0.625,0.125,0.0,0.0,0.15,0.0,0.3666666666666666,0.7264876615698739
23,13.0,0.625,0.125,0.0,0.0,0.09,0.0,0.3666666666666666,0.7269524846263279
23,14.0,0.625,0.125,0.0,0.0,0.11,0.0,0.3666666666666666,0.7283995209495999
23,15.0,0.625,0.125,0.0,0.0,0.06,0.0,0.3666666666666666,0.7286650621283117
23,16.0,0.625,0.125,0.0,0.0,0.05,0.0,0.3666666666666666,0.7287395047410551
23,17.0,0.625,0.125,0.0,0.0,0.06,0.0,0.3666666666666666,0.7287642213114454
23,18.0,0.625,0.125,0.0,0.0,0.1,0.0,0.3666666666666666,0.7288953824919221
23,19.0,0.625,0.125,0.0,0.0,0.05,0.0,0.3666666666666666,0.7299095331462526
23,20.0,0.625,0.125,0.0,0.0,0.06,0.0,0.3666666666666666,0.7299736329506997
23,21.0,0.625,0.125,0.0,0.0,0.11,0.0,0.3666666666666666,0.7300306318092218
23,22.0,0.375,0.125,0.0,0.25,0.11,0.0,0.7333333333333333,0.7300883070761301
23,23.0,0.375,0.125,0.0,0.0,0.06,0.0,0.7333333333333333,0.7301236507793456
23,24.0,0.375,0.125,0.0,0.0,0.11,0.0,0.7333333333333333,0.7301335777183532
23,25.0,0.375,0.125,0.0,0.0,0.1,0.0,0.7333333333333333,0.7301898583701101
23,26.0,0.375,0.125,0.0,0.0,0.1,0.0,0.7333333333333333,0.7301944857247372
23,27.0,0.375,0.125,0.0,0.0,0.1,0.0,0.7333333333333333,0.7301475136204346
23,28.0,0.375,0.125,0.0,0.0,0.07,0.0,0.7333333333333333,0.7301485749116404
23,29.0,0.375,0.125,0.0,0.0,0.08,0.0,0.7333333333333333,0.7300742153681633
23,30.0,0.375,0.125,0.0,0.0,0.07,0.0,0.7333333333333333,0.7300915770231935
23,30.0,0.375,0.125,0.0,0.0,0.07,0.0,0.7333333333333333,0.7300915770231935
24,1.0,0.375,0.625,0.0,0.0,0.21,0.0,0.0333333333333333,0.6792857609417009
24,2.0,0.75,0.25,0.0,1.0,0.18,0.0,0.0666666666666666,0.6851406244121961
24,3.0,0.625,0.375,0.0,1.0,0.17,0.0,0.1,0.6937744727579187
24,4.0,0.625,0.375,0.0,0.0,0.07,0.0,0.1,0.6951173663159205
24,5.0,0.25,0.125,0.0,0.5,0.12,0.0,0.1666666666666666,0.7009234630072527
24,6.0,0.25,0.125,0.0,0.0,0.11,0.0,0.1666666666666666,0.7028090157313541
24,7.0,0.25,0.125,0.0,0.0,0.1,0.0,0.1666666666666666,0.7039766623855112
24,8.0,0.125,0.75,0.0,0.625,0.11,0.0,0.2666666666666666,0.7072411885819883
24,9.0,0.125,0.75,0.0,0.0,0.11,0.0,0.2666666666666666,0.7079089147104268
24,10.0,0.25,0.125,0.0,0.125,0.13,0.0,0.3333333333333333,0.7092562026029988
24,11.0,0.25,0.125,0.0,0.0,0.08,0.0,0.3333333333333333,0.7097805277251725
24,12.0,0.25,0.125,0.0,0.0,0.09,0.0,0.3333333333333333,0.7099346849268916
24,13.0,0.25,0.125,0.0,0.0,0.08,0.0,0.3333333333333333,0.7099755059164236
24,14.0,0.25,0.125,0.0,0.0,0.09,0.0,0.3333333333333333,0.7100167918833805
24,15.0,0.25,0.125,0.0,0.0,0.05,0.0,0.3333333333333333,0.7100267258660242
24,16.0,0.25,0.125,0.0,0.0,0.08,0.0,0.3333333333333333,0.7100428371798249
24,17.0,0.25,0.125,0.0,0.0,0.1,0.0,0.3333333333333333,0.7100393579661024
24,18.0,0.25,0.125,0.0,0.0,0.07,0.0,0.3333333333333333,0.7118041401569813
24,19.0,0.25,0.125,0.0,0.0,0.06,0.0,0.3333333333333333,0.7118044075332048
24,20.0,0.25,0.125,0.0,0.0,0.07,0.0,0.3333333333333333,0.7118112309753793
24,21.0,0.25,0.125,0.0,0.0,0.09,0.0,0.3333333333333333,0.711804411769143
24,22.0,0.25,0.125,0.0,0.0,0.06,0.0,0.3333333333333333,0.7117977480906853
24,23.0,0.25,0.125,0.0,0.0,0.08,0.0,0.3333333333333333,0.7118018812142375
24,24.0,0.25,0.125,0.0,0.0,0.05,0.0,0.3333333333333333,0.7118029738844615
24,25.0,0.25,0.125,0.0,0.0,0.05,0.0,0.3333333333333333,0.7118165709630174
24,26.0,0.25,0.125,0.0,0.0,0.05,0.0,0.3333333333333333,0.7118235495253911
24,27.0,0.25,0.125,0.0,0.0,0.03,0.0,0.3333333333333333,0.7118304385462717
24,28.0,0.25,0.125,0.0,0.0,0.05,0.0,0.3333333333333333,0.7118346517632843
24,29.0,0.25,0.125,0.0,0.0,0.07,0.0,0.3333333333333333,0.7118356269302079
24,30.0,0.25,0.125,0.0,0.0,0.05,0.0,0.3333333333333333,0.7118298847122669
24,30.0,0.25,0.125,0.0,0.0,0.05,0.0,0.3333333333333333,0.7118298847122669
25,1.0,0.75,0.25,0.0,0.0,0.3,0.0,0.0333333333333333,0.6856706342328436
25,2.0,0.75,0.25,0.0,0.0,0.17,0.0,0.0333333333333333,0.6939698212548016
25,3.0,0.5,0.5,0.0,0.75,0.19,0.0,0.1,0.7005589730993217
25,4.0,0.5,0.5,0.0,0.0,0.17,0.0,0.1,0.7020412881403781
25,5.0,0.25,0.75,0.0,0.25,0.12,0.0,0.1666666666666666,0.7069377300193658
25,6.0,0.25,0.75,0.0,0.0,0.13,0.0,0.1666666666666666,0.7134370317723091
25,7.0,0.625,0.25,0.0,0.25,0.12,0.0,0.2333333333333333,0.7169633850815695
25,8.0,0.625,0.25,0.0,0.0,0.14,0.0,0.2333333333333333,0.7177443152841604
25,9.0,0.625,0.25,0.0,0.0,0.08,0.0,0.2333333333333333,0.7180224270006405
25,10.0,0.625,0.25,0.0,0.0,0.09,0.0,0.2333333333333333,0.719287997062329
25,11.0,0.5,0.125,0.0,0.125,0.06,0.0,0.3666666666666666,0.7211127253246357
25,12.0,0.5,0.125,0.0,0.0,0.07,0.0,0.3666666666666666,0.7218909546859712
25,13.0,0.5,0.125,0.0,0.0,0.05,0.0,0.3666666666666666,0.7240490881536796
25,14.0,0.5,0.125,0.0,0.0,0.04,0.0,0.3666666666666666,0.7241321058035479
25,15.0,0.5,0.125,0.0,0.0,0.04,0.0,0.3666666666666666,0.7244836678717843
25,16.0,0.5,0.125,0.0,0.0,0.06,0.0,0.3666666666666666,0.7245226401685689
25,17.0,0.5,0.125,0.0,0.0,0.04,0.0,0.3666666666666666,0.7246376035562243
25,18.0,0.5,0.125,0.0,0.0,0.05,0.0,0.3666666666666666,0.7246674209637709
25,19.0,0.5,0.125,0.0,0.0,0.03,0.0,0.3666666666666666,0.7246943378608658
25,20.0,0.5,0.125,0.0,0.0,0.02,0.0,0.3666666666666666,0.7249689967385445
25,21.0,0.5,0.125,0.0,0.0,0.05,0.0,0.3666666666666666,0.7249952201037401
25,22.0,0.5,0.125,0.0,0.0,0.04,0.0,0.3666666666666666,0.7250116732504492
25,23.0,0.5,0.125,0.0,0.0,0.06,0.0,0.3666666666666666,0.7250074521379939
25,24.0,0.5,0.125,0.0,0.0,0.01,0.0,0.3666666666666666,0.7250093742898124
25,25.0,0.5,0.125,0.0,0.0,0.03,0.0,0.3666666666666666,0.7250078372381703
25,26.0,0.5,0.125,0.0,0.0,0.02,0.0,0.3666666666666666,0.7250080134393762
25,27.0,0.5,0.125,0.0,0.0,0.04,0.0,0.3666666666666666,0.7250101068808834
25,28.0,0.5,0.125,0.0,0.0,0.05,0.0,0.3666666666666666,0.7250160301216929
25,29.0,0.5,0.125,0.0,0.0,0.05,0.0,0.3666666666666666,0.7250227467078363
25,30.0,0.5,0.125,0.0,0.0,0.03,0.0,0.3666666666666666,0.7250265345592308
25,30.0,0.5,0.125,0.0,0.0,0.03,0.0,0.3666666666666666,0.7250265345592308
26,1.0,0.5,0.5,0.0,0.0,0.23,0.0,0.0333333333333333,0.6868915677626352
26,2.0,0.5,0.5,0.0,0.0,0.12,0.0,0.0333333333333333,0.6918442539180721
26,3.0,0.5,0.5,0.0,0.0,0.18,0.0,0.0333333333333333,0.6952054974219973
26,4.0,0.125,0.5,0.0,0.125,0.09,0.0,0.1333333333333333,0.7029806177867712
26,5.0,0.25,0.625,0.0,0.375,0.11,0.0,0.1666666666666666,0.7059483019408364
26,6.0,0.5,0.375,0.0,0.375,0.13,0.0,0.2,0.7137358790704762
26,7.0,0.5,0.375,0.0,0.0,0.15,0.0,0.2,0.7141419794335735
26,8.0,0.375,0.25,0.0,0.375,0.12,0.0,0.2666666666666666,0.7144878886624403
26,9.0,0.375,0.25,0.0,0.0,0.14,0.0,0.2666666666666666,0.7146897074991332
26,10.0,0.375,0.25,0.0,0.0,0.11,0.0,0.2666666666666666,0.7159099762674944
26,11.0,0.375,0.25,0.0,0.0,0.06,0.0,0.2666666666666666,0.7160383694701793
26,12.0,0.125,0.625,0.0,0.375,0.12,0.0,0.4,0.7169631273854256
26,13.0,0.125,0.625,0.0,0.0,0.1,0.0,0.4,0.7170167361620687
26,14.0,0.125,0.625,0.0,0.0,0.09,0.0,0.4,0.7170707532692264
26,15.0,0.125,0.625,0.0,0.0,0.05,0.0,0.4,0.7171103405323446
26,16.0,0.125,0.625,0.0,0.0,0.06,0.0,0.4,0.7171299376894349
26,17.0,0.125,0.625,0.0,0.25,0.07,0.0,0.5666666666666667,0.7190765053039395
26,18.0,0.125,0.625,0.0,0.0,0.07,0.0,0.5666666666666667,0.7205623596433598
26,19.0,0.125,0.625,0.0,0.0,0.1,0.0,0.5666666666666667,0.7205798750954797
26,20.0,0.125,0.625,0.0,0.0,0.02,0.0,0.5666666666666667,0.7205911224456774
26,21.0,0.125,0.625,0.0,0.0,0.05,0.0,0.5666666666666667,0.7206004645859085
26,22.0,0.125,0.625,0.0,0.0,0.06,0.0,0.5666666666666667,0.7206352052415724
26,23.0,0.125,0.625,0.0,0.0,0.1,0.0,0.5666666666666667,0.720618351525194
26,24.0,0.125,0.625,0.0,0.0,0.03,0.0,0.5666666666666667,0.7206309388518308
26,25.0,0.125,0.625,0.0,0.0,0.03,0.0,0.5666666666666667,0.7206326495293373
26,26.0,0.125,0.625,0.0,0.0,0.1,0.0,0.5666666666666667,0.7206114565491505
26,27.0,0.125,0.625,0.0,0.0,0.06,0.0,0.5666666666666667,0.7206127789671803
26,28.0,0.125,0.625,0.0,0.0,0.08,0.0,0.5666666666666667,0.7206144880481324
26,29.0,0.125,0.625,0.0,0.0,0.1,0.0,0.5666666666666667,0.7206292652668725
26,30.0,0.125,0.625,0.0,0.0,0.08,0.0,0.5666666666666667,0.7206168818236227
26,30.0,0.125,0.625,0.0,0.0,0.08,0.0,0.5666666666666667,0.7206168818236227
27,1.0,0.0,0.0,0.0,0.0,0.23,0.0,0.0333333333333333,0.6691956351563526
27,2.0,0.0,0.0,0.0,0.0,0.16,0.0,0.0333333333333333,0.6830301919755849
27,3.0,0.625,0.375,0.0,0.375,0.18,0.0,0.1,0.6940754086609586
27,4.0,0.625,0.375,0.0,0.0,0.18,0.0,0.1,0.6976361810249723
27,5.0,0.625,0.375,0.0,0.0,0.18,0.0,0.1,0.7039338783516909
27,6.0,0.625,0.375,0.0,0.0,0.1,0.0,0.1,0.7061098510350965
27,7.0,0.25,0.625,0.0,0.25,0.08,0.0,0.2333333333333333,0.7071678931434268
27,8.0,0.25,0.625,0.0,0.0,0.2,0.0,0.2333333333333333,0.714804103346234
27,9.0,0.25,0.625,0.0,0.0,0.08,0.0,0.2333333333333333,0.7154482076868218
27,10.0,0.25,0.625,0.0,0.0,0.12,0.0,0.2333333333333333,0.7161864138180352
27,11.0,0.25,0.625,0.0,0.0,0.04,0.0,0.2333333333333333,0.7168425981006846
27,12.0,0.375,0.375,0.0,0.625,0.13,0.0,0.4,0.719588185415551
27,13.0,0.375,0.375,0.0,0.0,0.08,0.0,0.4,0.7201557616474257
27,14.0,0.5,0.125,0.0,0.125,0.09,0.0,0.4666666666666667,0.7237979735818018
27,15.0,0.625,0.25,0.0,0.25,0.1,0.0,0.5,0.7249699008831371
27,16.0,0.625,0.25,0.0,0.0,0.1,0.0,0.5,0.7252786164572687
27,17.0,0.625,0.25,0.0,0.0,0.11,0.0,0.5,0.7254689169293669
27,18.0,0.625,0.25,0.0,0.0,0.06,0.0,0.5,0.7256089124284196
27,19.0,0.625,0.25,0.0,0.0,0.06,0.0,0.5,0.7257241268941717
27,20.0,0.125,0.5,0.0,0.125,0.08,0.0,0.6666666666666666,0.7262763376124018
27,21.0,0.5,0.125,0.0,0.125,0.06,0.0,0.7,0.7266642974891486
27,22.0,0.5,0.125,0.0,0.0,0.12,0.0,0.7,0.726706381033299
27,23.0,0.5,0.125,0.0,0.0,0.04,0.0,0.7,0.7266922011419181
27,24.0,0.5,0.125,0.0,0.0,0.05,0.0,0.7,0.7267333319454947
27,25.0,0.5,0.125,0.0,0.0,0.07,0.0,0.7,0.7268247198774975
27,26.0,0.5,0.125,0.0,0.0,0.08,0.0,0.7,0.7268322053774533
27,27.0,0.5,0.125,0.0,0.0,0.1,0.0,0.7,0.7268365376125687
27,28.0,0.5,0.125,0.0,0.0,0.04,0.0,0.7,0.7268456821212904
27,29.0,0.5,0.125,0.0,0.0,0.05,0.0,0.7,0.7268831611108773
27,30.0,0.5,0.125,0.0,0.0,0.06,0.0,0.7,0.7268558010994352
27,30.0,0.5,0.125,0.0,0.0,0.06,0.0,0.7,0.7268558010994352
28,1.0,0.125,0.625,0.0,0.0,0.3,0.0,0.0333333333333333,0.6754084337739042
28,2.0,0.125,0.625,0.0,0.0,0.21,0.0,0.0333333333333333,0.6837366309571677
28,3.0,0.375,0.625,0.0,1.0,0.2,0.0,0.1,0.6907881413456782
28,4.0,0.625,0.375,0.0,1.0,0.17,0.0,0.1333333333333333,0.7031689706382237
28,5.0,0.25,0.5,0.0,0.5,0.13,0.0,0.1666666666666666,0.7054182137674953
28,6.0,0.25,0.5,0.0,0.0,0.11,0.0,0.1666666666666666,0.7099799589274399
28,7.0,0.125,0.5,0.0,0.125,0.09,0.0,0.2333333333333333,0.7112776494168138
28,8.0,0.125,0.5,0.0,0.0,0.11,0.0,0.2333333333333333,0.7116428414261327
28,9.0,0.5,0.25,0.0,0.25,0.07,0.0,0.3,0.7123450849589663
28,10.0,0.5,0.25,0.0,0.0,0.04,0.0,0.3,0.7124432246692332
28,11.0,0.5,0.25,0.0,0.0,0.05,0.0,0.3,0.7125138423729427
28,12.0,0.5,0.25,0.0,0.0,0.04,0.0,0.3,0.7125370998517517
28,13.0,0.5,0.25,0.0,0.0,0.05,0.0,0.3,0.7125492939006698
28,14.0,0.5,0.25,0.0,0.0,0.08,0.0,0.3,0.7152034837210735
28,15.0,0.5,0.25,0.0,0.0,0.11,0.0,0.3,0.7152214335082581
28,16.0,0.5,0.25,0.0,0.0,0.07,0.0,0.3,0.7152556201415246
28,17.0,0.5,0.25,0.0,0.0,0.06,0.0,0.3,0.7152963712825803
28,18.0,0.25,0.25,0.0,0.375,0.08,0.0,0.6,0.7156164940684315
28,19.0,0.125,0.375,0.0,0.25,0.05,0.0,0.6333333333333333,0.7168096689882499
28,20.0,0.125,0.375,0.0,0.0,0.04,0.0,0.6333333333333333,0.7168100812792456
28,21.0,0.125,0.375,0.0,0.0,0.06,0.0,0.6333333333333333,0.7168251456532434
28,22.0,0.125,0.375,0.0,0.0,0.05,0.0,0.6333333333333333,0.7168231871704085
28,23.0,0.5,0.125,0.0,0.125,0.03,0.0,0.7666666666666667,0.7169733241515992
28,24.0,0.5,0.125,0.0,0.0,0.04,0.0,0.7666666666666667,0.7169803862584392
28,25.0,0.5,0.125,0.0,0.0,0.06,0.0,0.7666666666666667,0.7169765217499294
28,26.0,0.125,0.75,0.0,0.25,0.04,0.0,0.8666666666666667,0.7173214238756352
28,27.0,0.125,0.75,0.0,0.0,0.09,0.0,0.8666666666666667,0.7173043571502882
28,28.0,0.125,0.75,0.0,0.0,0.01,0.0,0.8666666666666667,0.717307728434807
28,29.0,0.125,0.75,0.0,0.0,0.03,0.0,0.8666666666666667,0.7173084559301486
28,30.0,0.125,0.75,0.0,0.0,0.05,0.0,0.8666666666666667,0.7173179158858318
28,30.0,0.125,0.75,0.0,0.0,0.05,0.0,0.8666666666666667,0.7173179158858318
29,1.0,0.75,0.125,0.0,0.0,0.27,0.0,0.0333333333333333,0.6711318320815984
29,2.0,0.25,0.5,0.0,0.875,0.17,0.0,0.0666666666666666,0.6869843804873643
29,3.0,0.25,0.5,0.0,0.0,0.23,0.0,0.0666666666666666,0.6985232704365028
29,4.0,0.25,0.5,0.0,0.0,0.15,0.0,0.0666666666666666,0.70466591579574
29,5.0,0.75,0.125,0.0,0.125,0.11,0.0,0.1666666666666666,0.7070476229708799
29,6.0,0.625,0.25,0.0,0.625,0.15,0.0,0.2,0.7090891718093283
29,7.0,0.125,0.875,0.0,0.625,0.13,0.0,0.2333333333333333,0.7104340177658857
29,8.0,0.125,0.5,0.0,0.125,0.16,0.0,0.2666666666666666,0.7129183085791918
29,9.0,0.125,0.5,0.0,0.0,0.18,0.0,0.2666666666666666,0.7138980374449272
29,10.0,0.375,0.125,0.0,0.375,0.13,0.0,0.3333333333333333,0.71454682020843
29,11.0,0.375,0.125,0.0,0.0,0.13,0.0,0.3333333333333333,0.7145802222369411
29,12.0,0.375,0.125,0.0,0.0,0.15,0.0,0.3333333333333333,0.7164555989443631
29,13.0,0.375,0.125,0.0,0.0,0.19,0.0,0.3333333333333333,0.7220673616624915
29,14.0,0.375,0.125,0.0,0.0,0.14,0.0,0.3333333333333333,0.7221241203187846
29,15.0,0.375,0.125,0.0,0.0,0.15,0.0,0.3333333333333333,0.7221463592552626
29,16.0,0.375,0.125,0.0,0.0,0.15,0.0,0.3333333333333333,0.7221756940789004
29,17.0,0.375,0.125,0.0,0.0,0.13,0.0,0.3333333333333333,0.7221461908100986
29,18.0,0.375,0.125,0.0,0.0,0.13,0.0,0.3333333333333333,0.7222004225893179
29,19.0,0.375,0.125,0.0,0.0,0.11,0.0,0.3333333333333333,0.7222073871731217
29,20.0,0.375,0.125,0.0,0.0,0.1,0.0,0.3333333333333333,0.722199661761275
29,21.0,0.375,0.125,0.0,0.0,0.13,0.0,0.3333333333333333,0.7222065619893453
29,22.0,0.375,0.125,0.0,0.0,0.12,0.0,0.3333333333333333,0.722207150774607
29,23.0,0.375,0.125,0.0,0.0,0.15,0.0,0.3333333333333333,0.7222013777645869
29,24.0,0.375,0.125,0.0,0.0,0.14,0.0,0.3333333333333333,0.7222120176030968
29,25.0,0.375,0.125,0.0,0.0,0.09,0.0,0.3333333333333333,0.7222040363990387
29,26.0,0.25,0.25,0.0,0.25,0.09,0.0,0.8666666666666667,0.7229381292780606
29,27.0,0.25,0.25,0.0,0.0,0.08,0.0,0.8666666666666667,0.7229412616626119
29,28.0,0.25,0.25,0.0,0.0,0.08,0.0,0.8666666666666667,0.7229417293566766
29,29.0,0.25,0.25,0.0,0.0,0.11,0.0,0.8666666666666667,0.7228985089440406
29,30.0,0.25,0.25,0.0,0.0,0.12,0.0,0.8666666666666667,0.7228901967399368
29,30.0,0.25,0.25,0.0,0.0,0.12,0.0,0.8666666666666667,0.7228901967399368
30,1.0,0.125,0.875,0.0,0.0,0.28,0.0,0.0333333333333333,0.6833227210387556
30,2.0,0.125,0.875,0.0,0.0,0.18,0.0,0.0333333333333333,0.6844895826140198
30,3.0,0.75,0.25,0.0,0.25,0.07,0.0,0.1,0.6935130152497415
30,4.0,0.75,0.25,0.0,0.0,0.14,0.0,0.1,0.6953706401113923
30,5.0,0.75,0.25,0.0,1.0,0.16,0.0,0.1666666666666666,0.6990100758014638
30,6.0,0.25,0.75,0.0,0.875,0.09,0.0,0.2,0.7006801982599161
30,7.0,0.625,0.375,0.0,0.25,0.13,0.0,0.2333333333333333,0.7057554064487577
30,8.0,0.125,0.75,0.0,0.875,0.18,0.0,0.2666666666666666,0.7102042976537888
30,9.0,0.125,0.75,0.0,0.0,0.16,0.0,0.2666666666666666,0.71121190622537
30,10.0,0.125,0.75,0.0,0.0,0.07,0.0,0.2666666666666666,0.7117231050242494
30,11.0,0.625,0.125,0.0,0.625,0.09,0.0,0.3666666666666666,0.7168387800702285
30,12.0,0.625,0.125,0.0,0.0,0.13,0.0,0.3666666666666666,0.7174628998488425
30,13.0,0.625,0.125,0.0,0.0,0.13,0.0,0.3666666666666666,0.7176594149175946
30,14.0,0.625,0.125,0.0,0.0,0.08,0.0,0.3666666666666666,0.7177632503212213
30,15.0,0.625,0.125,0.0,0.0,0.11,0.0,0.3666666666666666,0.7186299792695373
30,16.0,0.625,0.125,0.0,0.0,0.1,0.0,0.3666666666666666,0.7187332531895692
30,17.0,0.625,0.125,0.0,0.0,0.06,0.0,0.3666666666666666,0.7187514127865594
30,18.0,0.625,0.125,0.0,0.0,0.1,0.0,0.3666666666666666,0.7203177340155797
30,19.0,0.625,0.125,0.0,0.0,0.07,0.0,0.3666666666666666,0.7202804404970221
30,20.0,0.625,0.125,0.0,0.0,0.06,0.0,0.3666666666666666,0.7202998002429831
30,21.0,0.625,0.125,0.0,0.0,0.04,0.0,0.3666666666666666,0.7203183848666689
30,22.0,0.625,0.125,0.0,0.0,0.1,0.0,0.3666666666666666,0.7203084893047315
30,23.0,0.625,0.125,0.0,0.0,0.07,0.0,0.3666666666666666,0.7203198819266325
30,24.0,0.625,0.125,0.0,0.0,0.07,0.0,0.3666666666666666,0.7203379479034525
30,25.0,0.625,0.125,0.0,0.0,0.08,0.0,0.3666666666666666,0.7206106216092822
30,26.0,0.625,0.125,0.0,0.0,0.07,0.0,0.3666666666666666,0.7206047667507588
30,27.0,0.625,0.125,0.0,0.0,0.1,0.0,0.3666666666666666,0.7205800874715728
30,28.0,0.625,0.125,0.0,0.0,0.09,0.0,0.3666666666666666,0.7206010518110468
30,29.0,0.625,0.125,0.0,0.0,0.13,0.0,0.3666666666666666,0.7206554220228196
30,30.0,0.125,0.125,0.0,0.125,0.09,0.0,1.0,0.7222252020071699
30,30.0,0.125,0.125,0.0,0.125,0.09,0.0,1.0,0.7222252020071699
Mean,15.96774193548387,0.3224462365591398,0.29838709677419356,0.0,0.09435483870967742,0.09635483870967744,0.0,0.4012544802867383,0.7148680886865867
Std,8.89176447879193,0.19358893877755337,0.2099925258402679,0.0,0.21306862669311022,0.05074226360044028,0.0,0.21842731785384692,0.012315753889654852
